-- phpMyAdmin SQL Dump
-- version 4.2.11
-- http://www.phpmyadmin.net
--
-- Host: 127.0.0.1
-- Generation Time: Jun 22, 2015 at 07:30 PM
-- Server version: 5.6.21
-- PHP Version: 5.6.3

SET SQL_MODE = "NO_AUTO_VALUE_ON_ZERO";
SET time_zone = "+00:00";


/*!40101 SET @OLD_CHARACTER_SET_CLIENT=@@CHARACTER_SET_CLIENT */;
/*!40101 SET @OLD_CHARACTER_SET_RESULTS=@@CHARACTER_SET_RESULTS */;
/*!40101 SET @OLD_COLLATION_CONNECTION=@@COLLATION_CONNECTION */;
/*!40101 SET NAMES utf8 */;

--
-- Database: `tttn`
--

-- --------------------------------------------------------

--
-- Table structure for table `assign`
--

CREATE TABLE IF NOT EXISTS `assign` (
`id` bigint(20) NOT NULL,
  `forid` bigint(20) NOT NULL,
  `taskid` bigint(20) NOT NULL,
  `createtime` timestamp NOT NULL DEFAULT CURRENT_TIMESTAMP,
  `type` text NOT NULL,
  `starttime` timestamp NOT NULL DEFAULT '0000-00-00 00:00:00',
  `endtime` timestamp NOT NULL DEFAULT '0000-00-00 00:00:00',
  `active` tinyint(1) NOT NULL DEFAULT '1'
) ENGINE=InnoDB AUTO_INCREMENT=132 DEFAULT CHARSET=latin1;

--
-- Dumping data for table `assign`
--

INSERT INTO `assign` (`id`, `forid`, `taskid`, `createtime`, `type`, `starttime`, `endtime`, `active`) VALUES
(1, 55, 1, '2015-06-08 19:55:33', 'Staff', '0000-00-00 00:00:00', '0000-00-00 00:00:00', 1),
(2, 55, 2, '2015-06-08 19:55:57', 'Staff', '0000-00-00 00:00:00', '0000-00-00 00:00:00', 1),
(3, 125, 1, '2015-06-08 19:57:11', 'Equipment', '2015-06-16 17:00:00', '2015-06-28 05:00:00', 1),
(4, 55, 3, '2015-06-08 20:09:13', 'Staff', '0000-00-00 00:00:00', '0000-00-00 00:00:00', 1),
(5, 86, 1, '2015-06-08 20:10:05', 'Equipment', '2015-07-14 17:00:00', '2015-07-25 05:00:00', 1),
(6, 86, 1, '2015-06-08 20:13:09', 'Equipment', '2015-07-14 17:00:00', '2015-07-25 05:00:00', 1),
(7, 55, 4, '2015-06-08 20:28:56', 'Staff', '0000-00-00 00:00:00', '0000-00-00 00:00:00', 1),
(8, 91, 4, '2015-06-08 20:29:22', 'Equipment', '2015-06-09 17:00:00', '2015-06-26 05:00:00', 1),
(9, 55, 5, '2015-06-20 13:41:06', 'Staff', '0000-00-00 00:00:00', '2015-06-20 01:06:06', 0),
(10, 55, 6, '2015-06-08 20:57:04', 'Staff', '0000-00-00 00:00:00', '0000-00-00 00:00:00', 1),
(11, 55, 7, '2015-06-10 04:55:12', 'Staff', '0000-00-00 00:00:00', '2015-06-10 04:06:12', 0),
(12, 55, 8, '2015-06-10 03:18:22', 'Staff', '0000-00-00 00:00:00', '0000-00-00 00:00:00', 1),
(13, 55, 9, '2015-06-10 03:20:51', 'Staff', '0000-00-00 00:00:00', '0000-00-00 00:00:00', 1),
(14, 55, 10, '2015-06-10 03:22:41', 'Staff', '0000-00-00 00:00:00', '0000-00-00 00:00:00', 1),
(15, 55, 11, '2015-06-10 03:23:46', 'Staff', '0000-00-00 00:00:00', '0000-00-00 00:00:00', 1),
(16, 55, 12, '2015-06-10 03:24:03', 'Staff', '0000-00-00 00:00:00', '0000-00-00 00:00:00', 1),
(17, 55, 13, '2015-06-10 03:27:00', 'Staff', '0000-00-00 00:00:00', '0000-00-00 00:00:00', 1),
(18, 55, 14, '2015-06-10 03:28:34', 'Staff', '0000-00-00 00:00:00', '0000-00-00 00:00:00', 1),
(19, 55, 15, '2015-06-10 03:29:20', 'Staff', '0000-00-00 00:00:00', '0000-00-00 00:00:00', 1),
(20, 55, 16, '2015-06-10 03:29:49', 'Staff', '0000-00-00 00:00:00', '0000-00-00 00:00:00', 1),
(21, 55, 17, '2015-06-10 03:30:40', 'Staff', '0000-00-00 00:00:00', '0000-00-00 00:00:00', 1),
(22, 55, 18, '2015-06-10 03:31:03', 'Staff', '0000-00-00 00:00:00', '0000-00-00 00:00:00', 1),
(23, 55, 19, '2015-06-10 03:32:09', 'Staff', '0000-00-00 00:00:00', '0000-00-00 00:00:00', 1),
(24, 55, 20, '2015-06-10 03:32:42', 'Staff', '0000-00-00 00:00:00', '0000-00-00 00:00:00', 1),
(25, 55, 21, '2015-06-10 03:33:13', 'Staff', '0000-00-00 00:00:00', '0000-00-00 00:00:00', 1),
(26, 55, 22, '2015-06-10 03:33:49', 'Staff', '0000-00-00 00:00:00', '0000-00-00 00:00:00', 1),
(27, 55, 23, '2015-06-10 03:36:59', 'Staff', '0000-00-00 00:00:00', '0000-00-00 00:00:00', 1),
(28, 55, 24, '2015-06-10 03:40:44', 'Staff', '0000-00-00 00:00:00', '0000-00-00 00:00:00', 1),
(29, 55, 25, '2015-06-10 03:41:04', 'Staff', '0000-00-00 00:00:00', '0000-00-00 00:00:00', 1),
(30, 55, 26, '2015-06-10 03:41:16', 'Staff', '0000-00-00 00:00:00', '0000-00-00 00:00:00', 1),
(31, 55, 27, '2015-06-10 03:41:32', 'Staff', '0000-00-00 00:00:00', '0000-00-00 00:00:00', 1),
(32, 55, 28, '2015-06-10 03:42:40', 'Staff', '0000-00-00 00:00:00', '0000-00-00 00:00:00', 1),
(33, 55, 29, '2015-06-10 03:42:40', 'Staff', '0000-00-00 00:00:00', '0000-00-00 00:00:00', 1),
(34, 55, 30, '2015-06-10 03:43:58', 'Staff', '0000-00-00 00:00:00', '0000-00-00 00:00:00', 1),
(35, 55, 31, '2015-06-10 03:44:17', 'Staff', '0000-00-00 00:00:00', '0000-00-00 00:00:00', 1),
(36, 55, 32, '2015-06-10 03:44:36', 'Staff', '0000-00-00 00:00:00', '0000-00-00 00:00:00', 1),
(37, 55, 33, '2015-06-10 03:45:31', 'Staff', '0000-00-00 00:00:00', '0000-00-00 00:00:00', 1),
(38, 55, 34, '2015-06-10 03:45:56', 'Staff', '0000-00-00 00:00:00', '0000-00-00 00:00:00', 1),
(39, 55, 35, '2015-06-10 03:46:20', 'Staff', '0000-00-00 00:00:00', '0000-00-00 00:00:00', 1),
(40, 55, 36, '2015-06-10 03:46:37', 'Staff', '0000-00-00 00:00:00', '0000-00-00 00:00:00', 1),
(41, 55, 37, '2015-06-10 03:46:54', 'Staff', '0000-00-00 00:00:00', '0000-00-00 00:00:00', 1),
(42, 55, 38, '2015-06-10 03:47:12', 'Staff', '0000-00-00 00:00:00', '0000-00-00 00:00:00', 1),
(43, 55, 39, '2015-06-10 03:47:27', 'Staff', '0000-00-00 00:00:00', '0000-00-00 00:00:00', 1),
(44, 55, 40, '2015-06-10 03:48:11', 'Staff', '0000-00-00 00:00:00', '0000-00-00 00:00:00', 1),
(45, 55, 41, '2015-06-10 03:48:29', 'Staff', '0000-00-00 00:00:00', '0000-00-00 00:00:00', 1),
(46, 55, 42, '2015-06-10 03:48:49', 'Staff', '0000-00-00 00:00:00', '0000-00-00 00:00:00', 1),
(47, 55, 43, '2015-06-10 03:49:16', 'Staff', '0000-00-00 00:00:00', '0000-00-00 00:00:00', 1),
(48, 55, 44, '2015-06-10 03:49:51', 'Staff', '0000-00-00 00:00:00', '0000-00-00 00:00:00', 1),
(49, 55, 45, '2015-06-10 03:50:08', 'Staff', '0000-00-00 00:00:00', '0000-00-00 00:00:00', 1),
(50, 55, 46, '2015-06-10 03:50:47', 'Staff', '0000-00-00 00:00:00', '0000-00-00 00:00:00', 1),
(51, 55, 47, '2015-06-10 03:51:13', 'Staff', '0000-00-00 00:00:00', '0000-00-00 00:00:00', 1),
(52, 55, 48, '2015-06-10 03:52:59', 'Staff', '0000-00-00 00:00:00', '0000-00-00 00:00:00', 1),
(53, 55, 49, '2015-06-10 03:53:26', 'Staff', '0000-00-00 00:00:00', '0000-00-00 00:00:00', 1),
(54, 55, 50, '2015-06-10 03:53:42', 'Staff', '0000-00-00 00:00:00', '0000-00-00 00:00:00', 1),
(55, 55, 51, '2015-06-10 03:54:07', 'Staff', '0000-00-00 00:00:00', '0000-00-00 00:00:00', 1),
(56, 55, 52, '2015-06-10 03:54:31', 'Staff', '0000-00-00 00:00:00', '0000-00-00 00:00:00', 1),
(57, 55, 53, '2015-06-10 03:54:52', 'Staff', '0000-00-00 00:00:00', '0000-00-00 00:00:00', 1),
(58, 55, 54, '2015-06-10 03:55:09', 'Staff', '0000-00-00 00:00:00', '0000-00-00 00:00:00', 1),
(59, 55, 55, '2015-06-10 03:55:35', 'Staff', '0000-00-00 00:00:00', '0000-00-00 00:00:00', 1),
(60, 55, 56, '2015-06-10 03:57:10', 'Staff', '0000-00-00 00:00:00', '0000-00-00 00:00:00', 1),
(61, 55, 57, '2015-06-10 03:57:30', 'Staff', '0000-00-00 00:00:00', '0000-00-00 00:00:00', 1),
(62, 55, 58, '2015-06-10 03:57:49', 'Staff', '0000-00-00 00:00:00', '0000-00-00 00:00:00', 1),
(63, 55, 59, '2015-06-10 03:58:08', 'Staff', '0000-00-00 00:00:00', '0000-00-00 00:00:00', 1),
(64, 55, 60, '2015-06-10 03:58:30', 'Staff', '0000-00-00 00:00:00', '0000-00-00 00:00:00', 1),
(65, 55, 61, '2015-06-10 03:59:09', 'Staff', '0000-00-00 00:00:00', '0000-00-00 00:00:00', 1),
(66, 55, 62, '2015-06-10 03:59:30', 'Staff', '0000-00-00 00:00:00', '0000-00-00 00:00:00', 1),
(67, 55, 63, '2015-06-10 03:59:55', 'Staff', '0000-00-00 00:00:00', '0000-00-00 00:00:00', 1),
(68, 55, 64, '2015-06-10 04:00:28', 'Staff', '0000-00-00 00:00:00', '0000-00-00 00:00:00', 1),
(69, 55, 65, '2015-06-10 04:00:51', 'Staff', '0000-00-00 00:00:00', '0000-00-00 00:00:00', 1),
(70, 55, 66, '2015-06-10 04:01:12', 'Staff', '0000-00-00 00:00:00', '0000-00-00 00:00:00', 1),
(71, 55, 67, '2015-06-10 04:01:33', 'Staff', '0000-00-00 00:00:00', '0000-00-00 00:00:00', 1),
(72, 55, 68, '2015-06-10 04:01:47', 'Staff', '0000-00-00 00:00:00', '0000-00-00 00:00:00', 1),
(73, 55, 69, '2015-06-10 04:02:43', 'Staff', '0000-00-00 00:00:00', '0000-00-00 00:00:00', 1),
(74, 55, 70, '2015-06-10 04:03:06', 'Staff', '0000-00-00 00:00:00', '0000-00-00 00:00:00', 1),
(75, 55, 71, '2015-06-10 04:03:21', 'Staff', '0000-00-00 00:00:00', '0000-00-00 00:00:00', 1),
(76, 55, 72, '2015-06-10 04:03:41', 'Staff', '0000-00-00 00:00:00', '0000-00-00 00:00:00', 1),
(77, 55, 73, '2015-06-10 04:04:04', 'Staff', '0000-00-00 00:00:00', '0000-00-00 00:00:00', 1),
(78, 55, 74, '2015-06-10 04:04:27', 'Staff', '0000-00-00 00:00:00', '0000-00-00 00:00:00', 1),
(79, 55, 75, '2015-06-10 04:04:50', 'Staff', '0000-00-00 00:00:00', '0000-00-00 00:00:00', 1),
(80, 55, 76, '2015-06-10 04:05:06', 'Staff', '0000-00-00 00:00:00', '0000-00-00 00:00:00', 1),
(81, 55, 77, '2015-06-10 04:05:28', 'Staff', '0000-00-00 00:00:00', '0000-00-00 00:00:00', 1),
(82, 55, 78, '2015-06-10 04:07:01', 'Staff', '0000-00-00 00:00:00', '0000-00-00 00:00:00', 1),
(83, 55, 79, '2015-06-10 04:07:17', 'Staff', '0000-00-00 00:00:00', '0000-00-00 00:00:00', 1),
(84, 55, 80, '2015-06-10 04:07:34', 'Staff', '0000-00-00 00:00:00', '0000-00-00 00:00:00', 1),
(85, 55, 81, '2015-06-10 04:08:07', 'Staff', '0000-00-00 00:00:00', '0000-00-00 00:00:00', 1),
(86, 55, 82, '2015-06-10 04:08:26', 'Staff', '0000-00-00 00:00:00', '0000-00-00 00:00:00', 1),
(87, 55, 83, '2015-06-10 04:08:44', 'Staff', '0000-00-00 00:00:00', '0000-00-00 00:00:00', 1),
(88, 55, 84, '2015-06-10 04:09:07', 'Staff', '0000-00-00 00:00:00', '0000-00-00 00:00:00', 1),
(89, 55, 85, '2015-06-10 04:09:29', 'Staff', '0000-00-00 00:00:00', '0000-00-00 00:00:00', 1),
(90, 55, 86, '2015-06-10 04:09:53', 'Staff', '0000-00-00 00:00:00', '0000-00-00 00:00:00', 1),
(91, 55, 87, '2015-06-10 04:10:15', 'Staff', '0000-00-00 00:00:00', '0000-00-00 00:00:00', 1),
(92, 55, 88, '2015-06-10 04:10:31', 'Staff', '0000-00-00 00:00:00', '0000-00-00 00:00:00', 1),
(93, 55, 89, '2015-06-10 04:10:49', 'Staff', '0000-00-00 00:00:00', '0000-00-00 00:00:00', 1),
(94, 55, 90, '2015-06-10 04:11:16', 'Staff', '0000-00-00 00:00:00', '0000-00-00 00:00:00', 1),
(95, 55, 91, '2015-06-10 04:11:43', 'Staff', '0000-00-00 00:00:00', '0000-00-00 00:00:00', 1),
(96, 55, 92, '2015-06-10 04:12:09', 'Staff', '0000-00-00 00:00:00', '0000-00-00 00:00:00', 1),
(97, 55, 93, '2015-06-10 04:12:25', 'Staff', '0000-00-00 00:00:00', '0000-00-00 00:00:00', 1),
(98, 61, 7, '2015-06-10 04:54:18', 'Staff', '2015-06-10 04:06:18', '0000-00-00 00:00:00', 1),
(99, 66, 7, '2015-06-10 04:54:18', 'Staff', '2015-06-10 04:06:18', '0000-00-00 00:00:00', 1),
(100, 67, 7, '2015-06-10 04:54:18', 'Staff', '2015-06-10 04:06:18', '0000-00-00 00:00:00', 1),
(101, 123, 7, '2015-06-10 05:14:05', 'Equipment', '2015-06-10 17:00:00', '2015-10-21 05:00:00', 1),
(102, 100, 7, '2015-06-10 05:14:32', 'Equipment', '2015-06-10 17:00:00', '2015-08-07 05:00:00', 1),
(103, 67, 4, '2015-06-10 05:21:59', 'Staff', '2015-06-10 05:06:59', '0000-00-00 00:00:00', 1),
(104, 69, 4, '2015-06-10 05:21:59', 'Staff', '2015-06-10 05:06:59', '0000-00-00 00:00:00', 1),
(105, 70, 4, '2015-06-10 05:21:59', 'Staff', '2015-06-10 05:06:59', '0000-00-00 00:00:00', 1),
(106, 61, 3, '2015-06-12 22:28:54', 'Staff', '2015-06-12 22:06:54', '0000-00-00 00:00:00', 1),
(107, 67, 3, '2015-06-12 22:28:55', 'Staff', '2015-06-12 22:06:55', '0000-00-00 00:00:00', 1),
(108, 68, 3, '2015-06-12 22:28:55', 'Staff', '2015-06-12 22:06:55', '0000-00-00 00:00:00', 1),
(109, 69, 3, '2015-06-12 22:28:55', 'Staff', '2015-06-12 22:06:55', '0000-00-00 00:00:00', 1),
(110, 70, 3, '2015-06-12 22:28:55', 'Staff', '2015-06-12 22:06:55', '0000-00-00 00:00:00', 1),
(111, 71, 3, '2015-06-12 22:28:55', 'Staff', '2015-06-12 22:06:55', '0000-00-00 00:00:00', 1),
(112, 72, 3, '2015-06-12 22:28:55', 'Staff', '2015-06-12 22:06:55', '0000-00-00 00:00:00', 1),
(113, 73, 3, '2015-06-12 22:28:55', 'Staff', '2015-06-12 22:06:55', '0000-00-00 00:00:00', 1),
(114, 74, 3, '2015-06-12 22:28:55', 'Staff', '2015-06-12 22:06:55', '0000-00-00 00:00:00', 1),
(115, 55, 94, '2015-06-12 22:41:16', 'Staff', '0000-00-00 00:00:00', '0000-00-00 00:00:00', 0),
(116, 55, 95, '2015-06-12 22:43:30', 'Staff', '0000-00-00 00:00:00', '0000-00-00 00:00:00', 0),
(117, 55, 96, '2015-06-12 23:11:47', 'Staff', '0000-00-00 00:00:00', '0000-00-00 00:00:00', 1),
(118, 55, 97, '2015-06-12 23:14:34', 'Staff', '0000-00-00 00:00:00', '0000-00-00 00:00:00', 1),
(119, 55, 98, '2015-06-12 23:14:45', 'Staff', '0000-00-00 00:00:00', '0000-00-00 00:00:00', 1),
(120, 70, 6, '2015-06-13 05:22:29', 'Staff', '2015-06-13 05:06:29', '0000-00-00 00:00:00', 1),
(121, 55, 99, '2015-06-13 14:08:51', 'Staff', '0000-00-00 00:00:00', '0000-00-00 00:00:00', 0),
(122, 55, 100, '2015-06-13 14:09:38', 'Staff', '0000-00-00 00:00:00', '0000-00-00 00:00:00', 0),
(123, 55, 101, '2015-06-13 14:20:00', 'Staff', '0000-00-00 00:00:00', '0000-00-00 00:00:00', 1),
(124, 55, 102, '2015-06-13 14:21:25', 'Staff', '0000-00-00 00:00:00', '0000-00-00 00:00:00', 1),
(125, 55, 103, '2015-06-13 14:23:39', 'Staff', '0000-00-00 00:00:00', '0000-00-00 00:00:00', 1),
(126, 61, 102, '2015-06-13 14:26:13', 'Staff', '2015-06-13 02:06:13', '0000-00-00 00:00:00', 1),
(127, 61, 103, '2015-06-13 14:38:57', 'Staff', '2015-06-13 02:06:57', '0000-00-00 00:00:00', 1),
(128, 45, 1, '2015-06-14 04:55:14', 'Equipment', '2015-07-14 17:00:00', '2015-11-27 05:00:00', 1),
(129, 45, 1, '2015-06-14 04:56:44', 'Equipment', '2015-11-27 05:00:00', '2015-11-28 05:00:00', 1),
(130, 85, 104, '2015-06-20 06:05:46', 'Staff', '0000-00-00 00:00:00', '0000-00-00 00:00:00', 0),
(131, 89, 105, '2015-06-21 21:24:21', 'Staff', '0000-00-00 00:00:00', '0000-00-00 00:00:00', 0);

-- --------------------------------------------------------

--
-- Table structure for table `assignment`
--

CREATE TABLE IF NOT EXISTS `assignment` (
`id` bigint(20) NOT NULL,
  `taskid` bigint(20) NOT NULL,
  `staffid` bigint(20) NOT NULL,
  `starttime` datetime NOT NULL,
  `endtime` datetime NOT NULL,
  `duration` int(11) NOT NULL,
  `active` tinyint(1) NOT NULL DEFAULT '1',
  `createtime` timestamp NULL DEFAULT CURRENT_TIMESTAMP
) ENGINE=InnoDB AUTO_INCREMENT=2148 DEFAULT CHARSET=latin1;

--
-- Dumping data for table `assignment`
--

INSERT INTO `assignment` (`id`, `taskid`, `staffid`, `starttime`, `endtime`, `duration`, `active`, `createtime`) VALUES
(508, 105, 89, '0000-00-00 00:00:00', '0000-00-00 00:00:00', 0, 1, '2015-06-21 21:24:21'),
(1879, 4, 89, '0000-00-00 00:00:00', '0000-00-00 00:00:00', 0, 1, '2015-06-21 23:21:43'),
(1882, 7, 89, '0000-00-00 00:00:00', '0000-00-00 00:00:00', 0, 1, '2015-06-21 23:21:43'),
(1883, 8, 89, '0000-00-00 00:00:00', '0000-00-00 00:00:00', 0, 1, '2015-06-21 23:21:43'),
(1884, 9, 89, '0000-00-00 00:00:00', '0000-00-00 00:00:00', 0, 1, '2015-06-21 23:21:43'),
(1885, 10, 89, '0000-00-00 00:00:00', '0000-00-00 00:00:00', 0, 1, '2015-06-21 23:21:43'),
(1886, 11, 89, '0000-00-00 00:00:00', '0000-00-00 00:00:00', 0, 1, '2015-06-21 23:21:43'),
(1887, 12, 89, '0000-00-00 00:00:00', '0000-00-00 00:00:00', 0, 1, '2015-06-21 23:21:43'),
(1888, 13, 89, '0000-00-00 00:00:00', '0000-00-00 00:00:00', 0, 1, '2015-06-21 23:21:43'),
(1889, 14, 89, '0000-00-00 00:00:00', '0000-00-00 00:00:00', 0, 1, '2015-06-21 23:21:43'),
(1890, 15, 89, '0000-00-00 00:00:00', '0000-00-00 00:00:00', 0, 1, '2015-06-21 23:21:43'),
(1891, 16, 89, '0000-00-00 00:00:00', '0000-00-00 00:00:00', 0, 1, '2015-06-21 23:21:43'),
(1892, 17, 89, '0000-00-00 00:00:00', '0000-00-00 00:00:00', 0, 1, '2015-06-21 23:21:43'),
(1893, 18, 89, '0000-00-00 00:00:00', '0000-00-00 00:00:00', 0, 1, '2015-06-21 23:21:43'),
(1894, 19, 89, '0000-00-00 00:00:00', '0000-00-00 00:00:00', 0, 1, '2015-06-21 23:21:43'),
(1895, 20, 89, '0000-00-00 00:00:00', '0000-00-00 00:00:00', 0, 1, '2015-06-21 23:21:43'),
(1896, 21, 89, '0000-00-00 00:00:00', '0000-00-00 00:00:00', 0, 1, '2015-06-21 23:21:43'),
(1897, 22, 89, '0000-00-00 00:00:00', '0000-00-00 00:00:00', 0, 1, '2015-06-21 23:21:43'),
(1898, 23, 89, '0000-00-00 00:00:00', '0000-00-00 00:00:00', 0, 1, '2015-06-21 23:21:43'),
(1899, 24, 89, '0000-00-00 00:00:00', '0000-00-00 00:00:00', 0, 1, '2015-06-21 23:21:43'),
(1900, 25, 89, '0000-00-00 00:00:00', '0000-00-00 00:00:00', 0, 1, '2015-06-21 23:21:43'),
(1901, 26, 89, '0000-00-00 00:00:00', '0000-00-00 00:00:00', 0, 1, '2015-06-21 23:21:43'),
(1902, 27, 89, '0000-00-00 00:00:00', '0000-00-00 00:00:00', 0, 1, '2015-06-21 23:21:43'),
(1903, 28, 89, '0000-00-00 00:00:00', '0000-00-00 00:00:00', 0, 1, '2015-06-21 23:21:43'),
(1904, 29, 89, '0000-00-00 00:00:00', '0000-00-00 00:00:00', 0, 1, '2015-06-21 23:21:43'),
(1905, 30, 89, '0000-00-00 00:00:00', '0000-00-00 00:00:00', 0, 1, '2015-06-21 23:21:43'),
(1906, 31, 89, '0000-00-00 00:00:00', '0000-00-00 00:00:00', 0, 1, '2015-06-21 23:21:43'),
(1907, 32, 89, '0000-00-00 00:00:00', '0000-00-00 00:00:00', 0, 1, '2015-06-21 23:21:43'),
(1908, 33, 89, '0000-00-00 00:00:00', '0000-00-00 00:00:00', 0, 1, '2015-06-21 23:21:43'),
(1909, 34, 89, '0000-00-00 00:00:00', '0000-00-00 00:00:00', 0, 1, '2015-06-21 23:21:43'),
(1910, 35, 89, '0000-00-00 00:00:00', '0000-00-00 00:00:00', 0, 1, '2015-06-21 23:21:43'),
(1911, 36, 89, '0000-00-00 00:00:00', '0000-00-00 00:00:00', 0, 1, '2015-06-21 23:21:43'),
(1912, 37, 89, '0000-00-00 00:00:00', '0000-00-00 00:00:00', 0, 1, '2015-06-21 23:21:43'),
(1913, 38, 89, '0000-00-00 00:00:00', '0000-00-00 00:00:00', 0, 1, '2015-06-21 23:21:43'),
(1914, 39, 89, '0000-00-00 00:00:00', '0000-00-00 00:00:00', 0, 1, '2015-06-21 23:21:43'),
(1915, 40, 89, '0000-00-00 00:00:00', '0000-00-00 00:00:00', 0, 1, '2015-06-21 23:21:43'),
(1916, 41, 89, '0000-00-00 00:00:00', '0000-00-00 00:00:00', 0, 1, '2015-06-21 23:21:43'),
(1917, 42, 89, '0000-00-00 00:00:00', '0000-00-00 00:00:00', 0, 1, '2015-06-21 23:21:43'),
(1918, 43, 89, '0000-00-00 00:00:00', '0000-00-00 00:00:00', 0, 1, '2015-06-21 23:21:43'),
(1919, 44, 89, '0000-00-00 00:00:00', '0000-00-00 00:00:00', 0, 1, '2015-06-21 23:21:43'),
(1920, 45, 89, '0000-00-00 00:00:00', '0000-00-00 00:00:00', 0, 1, '2015-06-21 23:21:43'),
(1921, 46, 89, '0000-00-00 00:00:00', '0000-00-00 00:00:00', 0, 1, '2015-06-21 23:21:43'),
(1922, 47, 89, '0000-00-00 00:00:00', '0000-00-00 00:00:00', 0, 1, '2015-06-21 23:21:43'),
(1923, 48, 89, '0000-00-00 00:00:00', '0000-00-00 00:00:00', 0, 1, '2015-06-21 23:21:43'),
(1924, 49, 89, '0000-00-00 00:00:00', '0000-00-00 00:00:00', 0, 1, '2015-06-21 23:21:43'),
(1925, 50, 89, '0000-00-00 00:00:00', '0000-00-00 00:00:00', 0, 1, '2015-06-21 23:21:43'),
(1926, 51, 89, '0000-00-00 00:00:00', '0000-00-00 00:00:00', 0, 1, '2015-06-21 23:21:43'),
(1927, 52, 89, '0000-00-00 00:00:00', '0000-00-00 00:00:00', 0, 1, '2015-06-21 23:21:43'),
(1928, 53, 89, '0000-00-00 00:00:00', '0000-00-00 00:00:00', 0, 1, '2015-06-21 23:21:43'),
(1929, 54, 89, '0000-00-00 00:00:00', '0000-00-00 00:00:00', 0, 1, '2015-06-21 23:21:43'),
(1930, 55, 89, '0000-00-00 00:00:00', '0000-00-00 00:00:00', 0, 1, '2015-06-21 23:21:43'),
(1931, 56, 89, '0000-00-00 00:00:00', '0000-00-00 00:00:00', 0, 1, '2015-06-21 23:21:43'),
(1932, 57, 89, '0000-00-00 00:00:00', '0000-00-00 00:00:00', 0, 1, '2015-06-21 23:21:43'),
(1933, 58, 89, '0000-00-00 00:00:00', '0000-00-00 00:00:00', 0, 1, '2015-06-21 23:21:43'),
(1934, 59, 89, '0000-00-00 00:00:00', '0000-00-00 00:00:00', 0, 1, '2015-06-21 23:21:43'),
(1935, 60, 89, '0000-00-00 00:00:00', '0000-00-00 00:00:00', 0, 1, '2015-06-21 23:21:43'),
(1936, 61, 89, '0000-00-00 00:00:00', '0000-00-00 00:00:00', 0, 1, '2015-06-21 23:21:43'),
(1937, 62, 89, '0000-00-00 00:00:00', '0000-00-00 00:00:00', 0, 1, '2015-06-21 23:21:43'),
(1938, 63, 89, '0000-00-00 00:00:00', '0000-00-00 00:00:00', 0, 1, '2015-06-21 23:21:43'),
(1939, 64, 89, '0000-00-00 00:00:00', '0000-00-00 00:00:00', 0, 1, '2015-06-21 23:21:43'),
(1940, 65, 89, '0000-00-00 00:00:00', '0000-00-00 00:00:00', 0, 1, '2015-06-21 23:21:43'),
(1941, 66, 89, '0000-00-00 00:00:00', '0000-00-00 00:00:00', 0, 1, '2015-06-21 23:21:43'),
(1942, 67, 89, '0000-00-00 00:00:00', '0000-00-00 00:00:00', 0, 1, '2015-06-21 23:21:43'),
(1943, 68, 89, '0000-00-00 00:00:00', '0000-00-00 00:00:00', 0, 1, '2015-06-21 23:21:43'),
(1944, 69, 89, '0000-00-00 00:00:00', '0000-00-00 00:00:00', 0, 1, '2015-06-21 23:21:43'),
(1945, 70, 89, '0000-00-00 00:00:00', '0000-00-00 00:00:00', 0, 1, '2015-06-21 23:21:43'),
(1946, 71, 89, '0000-00-00 00:00:00', '0000-00-00 00:00:00', 0, 1, '2015-06-21 23:21:43'),
(1947, 72, 89, '0000-00-00 00:00:00', '0000-00-00 00:00:00', 0, 1, '2015-06-21 23:21:43'),
(1948, 73, 89, '0000-00-00 00:00:00', '0000-00-00 00:00:00', 0, 1, '2015-06-21 23:21:43'),
(1949, 74, 89, '0000-00-00 00:00:00', '0000-00-00 00:00:00', 0, 1, '2015-06-21 23:21:43'),
(1950, 75, 89, '0000-00-00 00:00:00', '0000-00-00 00:00:00', 0, 1, '2015-06-21 23:21:43'),
(1951, 76, 89, '0000-00-00 00:00:00', '0000-00-00 00:00:00', 0, 1, '2015-06-21 23:21:43'),
(1952, 77, 89, '0000-00-00 00:00:00', '0000-00-00 00:00:00', 0, 1, '2015-06-21 23:21:43'),
(1953, 78, 89, '0000-00-00 00:00:00', '0000-00-00 00:00:00', 0, 1, '2015-06-21 23:21:43'),
(1954, 79, 89, '0000-00-00 00:00:00', '0000-00-00 00:00:00', 0, 1, '2015-06-21 23:21:43'),
(1955, 80, 89, '0000-00-00 00:00:00', '0000-00-00 00:00:00', 0, 1, '2015-06-21 23:21:43'),
(1956, 81, 89, '0000-00-00 00:00:00', '0000-00-00 00:00:00', 0, 1, '2015-06-21 23:21:43'),
(1957, 82, 89, '0000-00-00 00:00:00', '0000-00-00 00:00:00', 0, 1, '2015-06-21 23:21:43'),
(1958, 83, 89, '0000-00-00 00:00:00', '0000-00-00 00:00:00', 0, 1, '2015-06-21 23:21:43'),
(1959, 84, 89, '0000-00-00 00:00:00', '0000-00-00 00:00:00', 0, 1, '2015-06-21 23:21:43'),
(1960, 85, 89, '0000-00-00 00:00:00', '0000-00-00 00:00:00', 0, 1, '2015-06-21 23:21:43'),
(1961, 86, 89, '0000-00-00 00:00:00', '0000-00-00 00:00:00', 0, 1, '2015-06-21 23:21:43'),
(1962, 87, 89, '0000-00-00 00:00:00', '0000-00-00 00:00:00', 0, 1, '2015-06-21 23:21:43'),
(1963, 88, 89, '0000-00-00 00:00:00', '0000-00-00 00:00:00', 0, 1, '2015-06-21 23:21:43'),
(1964, 89, 89, '0000-00-00 00:00:00', '0000-00-00 00:00:00', 0, 1, '2015-06-21 23:21:43'),
(1965, 90, 89, '0000-00-00 00:00:00', '0000-00-00 00:00:00', 0, 1, '2015-06-21 23:21:43'),
(1966, 91, 89, '0000-00-00 00:00:00', '0000-00-00 00:00:00', 0, 1, '2015-06-21 23:21:43'),
(1967, 92, 89, '0000-00-00 00:00:00', '0000-00-00 00:00:00', 0, 0, '2015-06-21 23:21:43'),
(1968, 93, 89, '0000-00-00 00:00:00', '0000-00-00 00:00:00', 0, 0, '2015-06-21 23:21:43'),
(1973, 19, 61, '0000-00-00 00:00:00', '0000-00-00 00:00:00', 14400, 1, '2015-06-21 23:40:35'),
(1974, 20, 68, '0000-00-00 00:00:00', '0000-00-00 00:00:00', 14400, 1, '2015-06-21 23:40:55'),
(1975, 20, 69, '0000-00-00 00:00:00', '0000-00-00 00:00:00', 14400, 1, '2015-06-21 23:40:55'),
(1976, 21, 70, '0000-00-00 00:00:00', '0000-00-00 00:00:00', 14400, 1, '2015-06-21 23:41:06'),
(1977, 21, 71, '0000-00-00 00:00:00', '0000-00-00 00:00:00', 14400, 1, '2015-06-21 23:41:06'),
(1978, 22, 71, '0000-00-00 00:00:00', '0000-00-00 00:00:00', 14400, 1, '2015-06-21 23:41:19'),
(1979, 22, 73, '0000-00-00 00:00:00', '0000-00-00 00:00:00', 14400, 1, '2015-06-21 23:41:19'),
(1980, 24, 71, '0000-00-00 00:00:00', '0000-00-00 00:00:00', 28800, 1, '2015-06-21 23:42:08'),
(1981, 24, 73, '0000-00-00 00:00:00', '0000-00-00 00:00:00', 28800, 1, '2015-06-21 23:42:08'),
(1982, 24, 79, '0000-00-00 00:00:00', '0000-00-00 00:00:00', 28800, 1, '2015-06-21 23:42:08'),
(1983, 24, 84, '0000-00-00 00:00:00', '0000-00-00 00:00:00', 28800, 1, '2015-06-21 23:42:08'),
(1984, 24, 86, '0000-00-00 00:00:00', '0000-00-00 00:00:00', 28800, 1, '2015-06-21 23:42:08'),
(1985, 25, 68, '0000-00-00 00:00:00', '0000-00-00 00:00:00', 14400, 1, '2015-06-21 23:42:31'),
(1986, 25, 69, '0000-00-00 00:00:00', '0000-00-00 00:00:00', 14400, 1, '2015-06-21 23:42:31'),
(1987, 25, 70, '0000-00-00 00:00:00', '0000-00-00 00:00:00', 14400, 1, '2015-06-21 23:42:31'),
(1988, 25, 71, '0000-00-00 00:00:00', '0000-00-00 00:00:00', 14400, 1, '2015-06-21 23:42:31'),
(1989, 25, 73, '0000-00-00 00:00:00', '0000-00-00 00:00:00', 14400, 1, '2015-06-21 23:42:31'),
(1990, 25, 79, '0000-00-00 00:00:00', '0000-00-00 00:00:00', 14400, 1, '2015-06-21 23:42:31'),
(1991, 26, 61, '0000-00-00 00:00:00', '0000-00-00 00:00:00', 14400, 1, '2015-06-21 23:43:02'),
(1992, 26, 68, '0000-00-00 00:00:00', '0000-00-00 00:00:00', 14400, 1, '2015-06-21 23:43:02'),
(1993, 26, 69, '0000-00-00 00:00:00', '0000-00-00 00:00:00', 14400, 1, '2015-06-21 23:43:02'),
(1994, 26, 70, '0000-00-00 00:00:00', '0000-00-00 00:00:00', 14400, 1, '2015-06-21 23:43:02'),
(1995, 27, 71, '0000-00-00 00:00:00', '0000-00-00 00:00:00', 14400, 1, '2015-06-21 23:43:14'),
(1996, 27, 73, '0000-00-00 00:00:00', '0000-00-00 00:00:00', 14400, 0, '2015-06-21 23:43:14'),
(1997, 28, 71, '0000-00-00 00:00:00', '0000-00-00 00:00:00', 14400, 1, '2015-06-21 23:45:08'),
(1998, 28, 79, '0000-00-00 00:00:00', '0000-00-00 00:00:00', 14400, 1, '2015-06-21 23:45:08'),
(1999, 29, 69, '0000-00-00 00:00:00', '0000-00-00 00:00:00', 14400, 1, '2015-06-21 23:45:15'),
(2000, 29, 70, '0000-00-00 00:00:00', '0000-00-00 00:00:00', 14400, 1, '2015-06-21 23:45:15'),
(2001, 30, 84, '0000-00-00 00:00:00', '0000-00-00 00:00:00', 14400, 1, '2015-06-21 23:45:23'),
(2002, 31, 79, '0000-00-00 00:00:00', '0000-00-00 00:00:00', 14400, 1, '2015-06-21 23:45:34'),
(2003, 31, 86, '0000-00-00 00:00:00', '0000-00-00 00:00:00', 14400, 1, '2015-06-21 23:45:34'),
(2004, 10, 61, '0000-00-00 00:00:00', '0000-00-00 00:00:00', 57600, 0, '2015-06-21 23:46:44'),
(2005, 10, 68, '0000-00-00 00:00:00', '0000-00-00 00:00:00', 57600, 0, '2015-06-21 23:46:44'),
(2006, 10, 69, '0000-00-00 00:00:00', '0000-00-00 00:00:00', 43200, 0, '2015-06-21 23:46:44'),
(2007, 10, 70, '0000-00-00 00:00:00', '0000-00-00 00:00:00', 43200, 0, '2015-06-21 23:46:44'),
(2008, 10, 71, '0000-00-00 00:00:00', '0000-00-00 00:00:00', 43200, 0, '2015-06-21 23:46:44'),
(2009, 10, 73, '0000-00-00 00:00:00', '0000-00-00 00:00:00', 43200, 0, '2015-06-21 23:46:44'),
(2010, 10, 79, '0000-00-00 00:00:00', '0000-00-00 00:00:00', 43200, 0, '2015-06-21 23:46:44'),
(2011, 10, 84, '0000-00-00 00:00:00', '0000-00-00 00:00:00', 43200, 0, '2015-06-21 23:46:44'),
(2012, 10, 86, '0000-00-00 00:00:00', '0000-00-00 00:00:00', 43200, 0, '2015-06-21 23:46:44'),
(2013, 38, 73, '0000-00-00 00:00:00', '0000-00-00 00:00:00', 14400, 1, '2015-06-21 23:47:25'),
(2014, 37, 79, '0000-00-00 00:00:00', '0000-00-00 00:00:00', 14400, 1, '2015-06-21 23:47:40'),
(2015, 37, 84, '0000-00-00 00:00:00', '0000-00-00 00:00:00', 14400, 1, '2015-06-21 23:47:40'),
(2016, 36, 68, '0000-00-00 00:00:00', '0000-00-00 00:00:00', 14400, 1, '2015-06-21 23:47:50'),
(2017, 36, 69, '0000-00-00 00:00:00', '0000-00-00 00:00:00', 14400, 1, '2015-06-21 23:47:50'),
(2018, 36, 70, '0000-00-00 00:00:00', '0000-00-00 00:00:00', 14400, 1, '2015-06-21 23:47:50'),
(2019, 36, 71, '0000-00-00 00:00:00', '0000-00-00 00:00:00', 14400, 1, '2015-06-21 23:47:50'),
(2020, 35, 69, '0000-00-00 00:00:00', '0000-00-00 00:00:00', 57600, 1, '2015-06-21 23:48:03'),
(2021, 35, 73, '0000-00-00 00:00:00', '0000-00-00 00:00:00', 57600, 1, '2015-06-21 23:48:03'),
(2022, 34, 61, '0000-00-00 00:00:00', '0000-00-00 00:00:00', 28800, 1, '2015-06-21 23:48:27'),
(2023, 34, 69, '0000-00-00 00:00:00', '0000-00-00 00:00:00', 28800, 1, '2015-06-21 23:48:27'),
(2024, 34, 71, '0000-00-00 00:00:00', '0000-00-00 00:00:00', 28800, 1, '2015-06-21 23:48:27'),
(2025, 34, 79, '0000-00-00 00:00:00', '0000-00-00 00:00:00', 28800, 1, '2015-06-21 23:48:27'),
(2026, 34, 86, '0000-00-00 00:00:00', '0000-00-00 00:00:00', 28800, 1, '2015-06-21 23:48:27'),
(2027, 33, 69, '0000-00-00 00:00:00', '0000-00-00 00:00:00', 28800, 1, '2015-06-21 23:48:38'),
(2028, 33, 70, '0000-00-00 00:00:00', '0000-00-00 00:00:00', 28800, 1, '2015-06-21 23:48:38'),
(2029, 44, 61, '0000-00-00 00:00:00', '0000-00-00 00:00:00', 57600, 1, '2015-06-21 23:49:31'),
(2030, 44, 68, '0000-00-00 00:00:00', '0000-00-00 00:00:00', 57600, 1, '2015-06-21 23:49:31'),
(2031, 44, 69, '0000-00-00 00:00:00', '0000-00-00 00:00:00', 57600, 1, '2015-06-21 23:49:31'),
(2032, 44, 70, '0000-00-00 00:00:00', '0000-00-00 00:00:00', 57600, 1, '2015-06-21 23:49:31'),
(2033, 44, 71, '0000-00-00 00:00:00', '0000-00-00 00:00:00', 57600, 1, '2015-06-21 23:49:31'),
(2034, 44, 73, '0000-00-00 00:00:00', '0000-00-00 00:00:00', 57600, 1, '2015-06-21 23:49:31'),
(2035, 44, 79, '0000-00-00 00:00:00', '0000-00-00 00:00:00', 57600, 1, '2015-06-21 23:49:31'),
(2036, 44, 84, '0000-00-00 00:00:00', '0000-00-00 00:00:00', 28800, 1, '2015-06-21 23:49:31'),
(2037, 43, 68, '0000-00-00 00:00:00', '0000-00-00 00:00:00', 28800, 1, '2015-06-21 23:50:03'),
(2038, 43, 69, '0000-00-00 00:00:00', '0000-00-00 00:00:00', 57600, 1, '2015-06-21 23:50:03'),
(2039, 43, 70, '0000-00-00 00:00:00', '0000-00-00 00:00:00', 57600, 1, '2015-06-21 23:50:03'),
(2040, 43, 71, '0000-00-00 00:00:00', '0000-00-00 00:00:00', 57600, 1, '2015-06-21 23:50:03'),
(2041, 43, 73, '0000-00-00 00:00:00', '0000-00-00 00:00:00', 57600, 1, '2015-06-21 23:50:03'),
(2042, 43, 79, '0000-00-00 00:00:00', '0000-00-00 00:00:00', 57600, 1, '2015-06-21 23:50:03'),
(2043, 43, 84, '0000-00-00 00:00:00', '0000-00-00 00:00:00', 57600, 1, '2015-06-21 23:50:03'),
(2044, 43, 86, '0000-00-00 00:00:00', '0000-00-00 00:00:00', 57600, 1, '2015-06-21 23:50:03'),
(2045, 42, 70, '0000-00-00 00:00:00', '0000-00-00 00:00:00', 28800, 1, '2015-06-21 23:50:12'),
(2046, 41, 79, '0000-00-00 00:00:00', '0000-00-00 00:00:00', 28800, 1, '2015-06-21 23:51:23'),
(2047, 40, 84, '0000-00-00 00:00:00', '0000-00-00 00:00:00', 28800, 1, '2015-06-21 23:51:30'),
(2048, 59, 70, '0000-00-00 00:00:00', '0000-00-00 00:00:00', 28800, 1, '2015-06-21 23:52:10'),
(2049, 59, 73, '0000-00-00 00:00:00', '0000-00-00 00:00:00', 28800, 1, '2015-06-21 23:52:10'),
(2050, 58, 70, '0000-00-00 00:00:00', '0000-00-00 00:00:00', 28800, 1, '2015-06-21 23:52:19'),
(2051, 58, 73, '0000-00-00 00:00:00', '0000-00-00 00:00:00', 28800, 1, '2015-06-21 23:52:19'),
(2052, 58, 84, '0000-00-00 00:00:00', '0000-00-00 00:00:00', 28800, 1, '2015-06-21 23:52:19'),
(2053, 57, 70, '0000-00-00 00:00:00', '0000-00-00 00:00:00', 28800, 1, '2015-06-21 23:52:28'),
(2054, 57, 79, '0000-00-00 00:00:00', '0000-00-00 00:00:00', 28800, 1, '2015-06-21 23:52:28'),
(2055, 56, 70, '0000-00-00 00:00:00', '0000-00-00 00:00:00', 28800, 1, '2015-06-21 23:52:43'),
(2056, 56, 71, '0000-00-00 00:00:00', '0000-00-00 00:00:00', 28800, 1, '2015-06-21 23:52:43'),
(2057, 56, 73, '0000-00-00 00:00:00', '0000-00-00 00:00:00', 28800, 1, '2015-06-21 23:52:43'),
(2058, 56, 79, '0000-00-00 00:00:00', '0000-00-00 00:00:00', 28800, 1, '2015-06-21 23:52:43'),
(2059, 56, 84, '0000-00-00 00:00:00', '0000-00-00 00:00:00', 28800, 1, '2015-06-21 23:52:43'),
(2060, 53, 84, '0000-00-00 00:00:00', '0000-00-00 00:00:00', 28800, 1, '2015-06-21 23:53:10'),
(2061, 53, 86, '0000-00-00 00:00:00', '0000-00-00 00:00:00', 28800, 1, '2015-06-21 23:53:10'),
(2062, 52, 69, '0000-00-00 00:00:00', '0000-00-00 00:00:00', 28800, 1, '2015-06-21 23:53:21'),
(2063, 52, 70, '0000-00-00 00:00:00', '0000-00-00 00:00:00', 28800, 1, '2015-06-21 23:53:21'),
(2064, 52, 71, '0000-00-00 00:00:00', '0000-00-00 00:00:00', 28800, 1, '2015-06-21 23:53:21'),
(2065, 51, 69, '0000-00-00 00:00:00', '0000-00-00 00:00:00', 28800, 1, '2015-06-21 23:53:44'),
(2066, 51, 71, '0000-00-00 00:00:00', '0000-00-00 00:00:00', 28800, 1, '2015-06-21 23:53:44'),
(2067, 51, 79, '0000-00-00 00:00:00', '0000-00-00 00:00:00', 28800, 1, '2015-06-21 23:53:44'),
(2068, 50, 68, '0000-00-00 00:00:00', '0000-00-00 00:00:00', 28800, 1, '2015-06-21 23:54:02'),
(2069, 50, 69, '0000-00-00 00:00:00', '0000-00-00 00:00:00', 28800, 1, '2015-06-21 23:54:02'),
(2070, 50, 70, '0000-00-00 00:00:00', '0000-00-00 00:00:00', 28800, 1, '2015-06-21 23:54:02'),
(2071, 49, 69, '0000-00-00 00:00:00', '0000-00-00 00:00:00', 28800, 1, '2015-06-21 23:54:12'),
(2072, 49, 70, '0000-00-00 00:00:00', '0000-00-00 00:00:00', 28800, 1, '2015-06-21 23:54:12'),
(2073, 49, 71, '0000-00-00 00:00:00', '0000-00-00 00:00:00', 28800, 1, '2015-06-21 23:54:12'),
(2074, 49, 73, '0000-00-00 00:00:00', '0000-00-00 00:00:00', 28800, 1, '2015-06-21 23:54:12'),
(2075, 49, 79, '0000-00-00 00:00:00', '0000-00-00 00:00:00', 28800, 1, '2015-06-21 23:54:12'),
(2076, 47, 70, '0000-00-00 00:00:00', '0000-00-00 00:00:00', 28800, 1, '2015-06-21 23:54:30'),
(2077, 47, 71, '0000-00-00 00:00:00', '0000-00-00 00:00:00', 28800, 1, '2015-06-21 23:54:30'),
(2078, 47, 73, '0000-00-00 00:00:00', '0000-00-00 00:00:00', 28800, 1, '2015-06-21 23:54:30'),
(2079, 47, 79, '0000-00-00 00:00:00', '0000-00-00 00:00:00', 28800, 1, '2015-06-21 23:54:30'),
(2080, 46, 73, '0000-00-00 00:00:00', '0000-00-00 00:00:00', 28800, 1, '2015-06-21 23:54:47'),
(2081, 46, 79, '0000-00-00 00:00:00', '0000-00-00 00:00:00', 28800, 1, '2015-06-21 23:54:47'),
(2082, 46, 84, '0000-00-00 00:00:00', '0000-00-00 00:00:00', 28800, 1, '2015-06-21 23:54:47'),
(2083, 46, 86, '0000-00-00 00:00:00', '0000-00-00 00:00:00', 28800, 1, '2015-06-21 23:54:47'),
(2084, 67, 70, '0000-00-00 00:00:00', '0000-00-00 00:00:00', 28800, 1, '2015-06-21 23:55:28'),
(2085, 67, 71, '0000-00-00 00:00:00', '0000-00-00 00:00:00', 28800, 1, '2015-06-21 23:55:28'),
(2086, 66, 70, '0000-00-00 00:00:00', '0000-00-00 00:00:00', 28800, 1, '2015-06-21 23:55:38'),
(2087, 66, 71, '0000-00-00 00:00:00', '0000-00-00 00:00:00', 57600, 1, '2015-06-21 23:55:38'),
(2088, 65, 70, '0000-00-00 00:00:00', '0000-00-00 00:00:00', 57600, 1, '2015-06-21 23:55:55'),
(2089, 65, 84, '0000-00-00 00:00:00', '0000-00-00 00:00:00', 57600, 1, '2015-06-21 23:55:55'),
(2090, 64, 69, '0000-00-00 00:00:00', '0000-00-00 00:00:00', 86400, 1, '2015-06-21 23:56:10'),
(2091, 64, 70, '0000-00-00 00:00:00', '0000-00-00 00:00:00', 86400, 1, '2015-06-21 23:56:10'),
(2092, 64, 71, '0000-00-00 00:00:00', '0000-00-00 00:00:00', 86400, 1, '2015-06-21 23:56:10'),
(2093, 64, 73, '0000-00-00 00:00:00', '0000-00-00 00:00:00', 86400, 1, '2015-06-21 23:56:10'),
(2094, 64, 79, '0000-00-00 00:00:00', '0000-00-00 00:00:00', 86400, 1, '2015-06-21 23:56:10'),
(2095, 63, 71, '0000-00-00 00:00:00', '0000-00-00 00:00:00', 28800, 1, '2015-06-21 23:56:21'),
(2096, 63, 84, '0000-00-00 00:00:00', '0000-00-00 00:00:00', 28800, 1, '2015-06-21 23:56:21'),
(2097, 62, 61, '0000-00-00 00:00:00', '0000-00-00 00:00:00', 28800, 1, '2015-06-21 23:56:29'),
(2098, 62, 68, '0000-00-00 00:00:00', '0000-00-00 00:00:00', 28800, 1, '2015-06-21 23:56:29'),
(2099, 62, 69, '0000-00-00 00:00:00', '0000-00-00 00:00:00', 28800, 1, '2015-06-21 23:56:29'),
(2100, 61, 61, '0000-00-00 00:00:00', '0000-00-00 00:00:00', 28800, 1, '2015-06-21 23:56:40'),
(2101, 61, 70, '0000-00-00 00:00:00', '0000-00-00 00:00:00', 28800, 1, '2015-06-21 23:56:40'),
(2102, 61, 73, '0000-00-00 00:00:00', '0000-00-00 00:00:00', 28800, 1, '2015-06-21 23:56:40'),
(2103, 76, 69, '0000-00-00 00:00:00', '0000-00-00 00:00:00', 28800, 1, '2015-06-21 23:57:19'),
(2104, 76, 71, '0000-00-00 00:00:00', '0000-00-00 00:00:00', 28800, 1, '2015-06-21 23:57:19'),
(2105, 75, 71, '0000-00-00 00:00:00', '0000-00-00 00:00:00', 28800, 1, '2015-06-21 23:57:27'),
(2106, 75, 79, '0000-00-00 00:00:00', '0000-00-00 00:00:00', 28800, 1, '2015-06-21 23:57:27'),
(2107, 74, 61, '0000-00-00 00:00:00', '0000-00-00 00:00:00', 57600, 1, '2015-06-21 23:57:49'),
(2108, 74, 68, '0000-00-00 00:00:00', '0000-00-00 00:00:00', 57600, 1, '2015-06-21 23:57:49'),
(2109, 74, 69, '0000-00-00 00:00:00', '0000-00-00 00:00:00', 57600, 1, '2015-06-21 23:57:49'),
(2110, 74, 70, '0000-00-00 00:00:00', '0000-00-00 00:00:00', 57600, 1, '2015-06-21 23:57:49'),
(2111, 74, 71, '0000-00-00 00:00:00', '0000-00-00 00:00:00', 57600, 1, '2015-06-21 23:57:49'),
(2112, 74, 73, '0000-00-00 00:00:00', '0000-00-00 00:00:00', 57600, 1, '2015-06-21 23:57:49'),
(2113, 74, 79, '0000-00-00 00:00:00', '0000-00-00 00:00:00', 57600, 1, '2015-06-21 23:57:49'),
(2114, 74, 84, '0000-00-00 00:00:00', '0000-00-00 00:00:00', 28800, 1, '2015-06-21 23:57:49'),
(2115, 73, 73, '0000-00-00 00:00:00', '0000-00-00 00:00:00', 28800, 1, '2015-06-21 23:57:59'),
(2116, 73, 86, '0000-00-00 00:00:00', '0000-00-00 00:00:00', 28800, 1, '2015-06-21 23:57:59'),
(2117, 72, 71, '0000-00-00 00:00:00', '0000-00-00 00:00:00', 28800, 1, '2015-06-21 23:58:17'),
(2118, 72, 73, '0000-00-00 00:00:00', '0000-00-00 00:00:00', 28800, 1, '2015-06-21 23:58:17'),
(2119, 71, 69, '0000-00-00 00:00:00', '0000-00-00 00:00:00', 28800, 1, '2015-06-21 23:58:27'),
(2120, 71, 71, '0000-00-00 00:00:00', '0000-00-00 00:00:00', 28800, 1, '2015-06-21 23:58:27'),
(2121, 71, 84, '0000-00-00 00:00:00', '0000-00-00 00:00:00', 28800, 1, '2015-06-21 23:58:27'),
(2122, 70, 71, '0000-00-00 00:00:00', '0000-00-00 00:00:00', 86400, 1, '2015-06-21 23:58:49'),
(2123, 70, 73, '0000-00-00 00:00:00', '0000-00-00 00:00:00', 86400, 1, '2015-06-21 23:58:49'),
(2124, 70, 79, '0000-00-00 00:00:00', '0000-00-00 00:00:00', 86400, 1, '2015-06-21 23:58:49'),
(2125, 70, 84, '0000-00-00 00:00:00', '0000-00-00 00:00:00', 86400, 1, '2015-06-21 23:58:49'),
(2126, 70, 86, '0000-00-00 00:00:00', '0000-00-00 00:00:00', 86400, 1, '2015-06-21 23:58:49'),
(2127, 69, 68, '0000-00-00 00:00:00', '0000-00-00 00:00:00', 14400, 1, '2015-06-21 23:59:00'),
(2128, 69, 69, '0000-00-00 00:00:00', '0000-00-00 00:00:00', 17280, 0, '2015-06-21 23:59:00'),
(2129, 69, 73, '0000-00-00 00:00:00', '0000-00-00 00:00:00', 14400, 1, '2015-06-21 23:59:09'),
(2130, 82, 71, '0000-00-00 00:00:00', '0000-00-00 00:00:00', 28800, 1, '2015-06-22 00:00:02'),
(2131, 81, 70, '0000-00-00 00:00:00', '0000-00-00 00:00:00', 28800, 1, '2015-06-22 00:00:25'),
(2132, 81, 71, '0000-00-00 00:00:00', '0000-00-00 00:00:00', 28800, 1, '2015-06-22 00:00:25'),
(2133, 81, 73, '0000-00-00 00:00:00', '0000-00-00 00:00:00', 28800, 1, '2015-06-22 00:00:25'),
(2134, 81, 84, '0000-00-00 00:00:00', '0000-00-00 00:00:00', 28800, 1, '2015-06-22 00:00:25'),
(2135, 81, 86, '0000-00-00 00:00:00', '0000-00-00 00:00:00', 28800, 1, '2015-06-22 00:00:25'),
(2136, 80, 71, '0000-00-00 00:00:00', '0000-00-00 00:00:00', 28800, 1, '2015-06-22 00:02:08'),
(2137, 79, 69, '0000-00-00 00:00:00', '0000-00-00 00:00:00', 28800, 1, '2015-06-22 00:02:15'),
(2138, 78, 79, '0000-00-00 00:00:00', '0000-00-00 00:00:00', 28800, 1, '2015-06-22 00:02:21'),
(2139, 84, 71, '0000-00-00 00:00:00', '0000-00-00 00:00:00', 28800, 1, '2015-06-22 00:02:46'),
(2140, 85, 73, '0000-00-00 00:00:00', '0000-00-00 00:00:00', 28800, 1, '2015-06-22 00:02:54'),
(2141, 86, 68, '0000-00-00 00:00:00', '0000-00-00 00:00:00', 28800, 1, '2015-06-22 00:02:59'),
(2142, 87, 86, '0000-00-00 00:00:00', '0000-00-00 00:00:00', 28800, 1, '2015-06-22 00:03:06'),
(2143, 88, 84, '0000-00-00 00:00:00', '0000-00-00 00:00:00', 28800, 1, '2015-06-22 00:03:13'),
(2144, 90, 61, '0000-00-00 00:00:00', '0000-00-00 00:00:00', 28800, 1, '2015-06-22 00:03:33'),
(2145, 91, 68, '0000-00-00 00:00:00', '0000-00-00 00:00:00', 28800, 1, '2015-06-22 00:03:38'),
(2146, 92, 71, '0000-00-00 00:00:00', '0000-00-00 00:00:00', 28800, 1, '2015-06-22 00:03:45'),
(2147, 93, 79, '0000-00-00 00:00:00', '0000-00-00 00:00:00', 28800, 0, '2015-06-22 00:03:51');

-- --------------------------------------------------------

--
-- Table structure for table `comment`
--

CREATE TABLE IF NOT EXISTS `comment` (
`id` bigint(20) NOT NULL,
  `createtime` timestamp NOT NULL DEFAULT CURRENT_TIMESTAMP,
  `lastmodified` timestamp NOT NULL DEFAULT CURRENT_TIMESTAMP,
  `class` text NOT NULL,
  `forid` bigint(20) NOT NULL,
  `staffid` bigint(20) NOT NULL,
  `content` text NOT NULL,
  `active` tinyint(1) NOT NULL DEFAULT '1'
) ENGINE=InnoDB AUTO_INCREMENT=6 DEFAULT CHARSET=utf8;

--
-- Dumping data for table `comment`
--

INSERT INTO `comment` (`id`, `createtime`, `lastmodified`, `class`, `forid`, `staffid`, `content`, `active`) VALUES
(1, '2015-06-13 11:46:01', '0000-00-00 00:00:00', 'Task', 1, 55, 'Comment', 1),
(2, '2015-06-13 11:46:02', '0000-00-00 00:00:00', 'Task', 1, 55, 'Comment', 1),
(3, '2015-06-13 11:46:11', '0000-00-00 00:00:00', 'Task', 1, 55, 'I just comment', 1),
(4, '2015-06-13 11:47:42', '0000-00-00 00:00:00', 'Task', 2, 55, 'I can do that!', 1),
(5, '2015-06-13 11:59:00', '0000-00-00 00:00:00', 'Task', 4, 55, 'I do it.', 1);

-- --------------------------------------------------------

--
-- Table structure for table `equipment`
--

CREATE TABLE IF NOT EXISTS `equipment` (
`id` bigint(20) NOT NULL,
  `name` text NOT NULL,
  `belongto` bigint(20) DEFAULT '0',
  `description` text NOT NULL,
  `type` text NOT NULL,
  `createtime` timestamp NOT NULL DEFAULT CURRENT_TIMESTAMP,
  `active` tinyint(1) NOT NULL DEFAULT '1',
  `avatar` text NOT NULL
) ENGINE=InnoDB AUTO_INCREMENT=159 DEFAULT CHARSET=utf8;

--
-- Dumping data for table `equipment`
--

INSERT INTO `equipment` (`id`, `name`, `belongto`, `description`, `type`, `createtime`, `active`, `avatar`) VALUES
(41, 'Mobile Phone', 0, 'Smart Phone:\r\nOS: Android, IOS, Windows Phone', 'CATEGORY', '2015-05-16 04:56:26', 1, ''),
(44, 'IOS', 41, 'OS: IOS', 'CATEGORY', '2015-05-13 16:02:57', 1, ''),
(45, 'iPhone 6 Plus 128GB', 44, 'Chipset: A8 - Dual Core 1.4 GHz\r\nMàn hinh: 5.5 inch, 1080 x 1920 pixels\r\nCamera: 8.0 MP/ 1.2 MP', 'EQUIPMENT', '2015-06-10 06:29:47', 1, 'images/avatar/equipment/1433935787.jpg'),
(46, 'iPhone 6 Plus 128GB', 44, 'Chipset: A8 - Dual Core 1.4 GHz\r\nMàn hinh: 5.5 inch, 1080 x 1920 pixels\r\nCamera: 8.0 MP/ 1.2 MP', 'EQUIPMENT', '2015-06-10 06:22:59', 1, 'images/avatar/equipment/1433935379.jpg'),
(47, 'iPhone 6 Plus 128GB', 44, 'Chipset: A8 - Dual Core 1.4 GHz\r\nMàn hinh: 5.5 inch, 1080 x 1920 pixels\r\nCamera: 8.0 MP/ 1.2 MP', 'EQUIPMENT', '2015-05-13 16:04:19', 1, ''),
(48, 'iPhone 6 Plus 64GB', 44, 'Chipset: A8 - Dual Core 1.4 GHz\r\nMàn hinh: 5.5 inch, 1080 x 1920 pixels\r\nCamera: 8.0 MP/ 1.2 MP', 'EQUIPMENT', '2015-05-13 16:04:59', 1, ''),
(49, 'iPhone 6 Plus 64GB', 44, 'Chipset: A8 - Dual Core 1.4 GHz\r\nMàn hinh: 5.5 inch, 1080 x 1920 pixels\r\nCamera: 8.0 MP/ 1.2 MP', 'EQUIPMENT', '2015-05-13 16:05:11', 1, ''),
(50, 'iPhone 6 16GB', 44, 'Màn hình :	4.7 inch (1334 x 750 pixels)\r\nCamera :	Chính: 8.0 MP, Phụ: 1.2 MP\r\nBộ nhớ trong :	16 GB\r\nHệ điều hành :	iOs 8\r\nChipset :	Apple A8', 'EQUIPMENT', '2015-05-13 16:06:51', 1, ''),
(51, 'iPhone 6 16GB', 44, 'Màn hình :	4.7 inch (1334 x 750 pixels)\r\nCamera :	Chính: 8.0 MP, Phụ: 1.2 MP\r\nBộ nhớ trong :	16 GB\r\nHệ điều hành :	iOs 8\r\nChipset :	Apple A8', 'EQUIPMENT', '2015-05-13 16:07:03', 1, ''),
(52, 'iPhone 6 16GB', 44, 'Màn hình :	4.7 inch (1334 x 750 pixels)\r\nCamera :	Chính: 8.0 MP, Phụ: 1.2 MP\r\nBộ nhớ trong :	16 GB\r\nHệ điều hành :	iOs 8\r\nChipset :	Apple A8', 'EQUIPMENT', '2015-05-13 16:07:07', 1, ''),
(53, 'iPhone 6 16GB', 44, 'Màn hình :	4.7 inch (1334 x 750 pixels)\r\nCamera :	Chính: 8.0 MP, Phụ: 1.2 MP\r\nBộ nhớ trong :	16 GB\r\nHệ điều hành :	iOs 8\r\nChipset :	Apple A8', 'EQUIPMENT', '2015-05-13 16:07:10', 1, ''),
(54, 'iPhone 5S 16GB', 44, '\r\nMàn hình:	DVGA, 4.0", 640 x 1136 pixels\r\nCPU:	Apple A7, 2 nhân, 1.3 GHz\r\nRAM	1 GB\r\nHệ điều hành:	iOS 7.0\r\nCamera chính:	8.0 MP, Quay phim FullHD 1080p@30fps\r\nCamera phụ:	1.2 MP', 'EQUIPMENT', '2015-05-13 16:08:07', 1, ''),
(55, 'iPhone 5S 16GB', 44, '\r\nMàn hình:	DVGA, 4.0", 640 x 1136 pixels\r\nCPU:	Apple A7, 2 nhân, 1.3 GHz\r\nRAM	1 GB\r\nHệ điều hành:	iOS 7.0\r\nCamera chính:	8.0 MP, Quay phim FullHD 1080p@30fps\r\nCamera phụ:	1.2 MP', 'EQUIPMENT', '2015-05-13 16:08:13', 1, ''),
(56, 'iPhone 5S 16GB', 44, '\r\nMàn hình:	DVGA, 4.0", 640 x 1136 pixels\r\nCPU:	Apple A7, 2 nhân, 1.3 GHz\r\nRAM	1 GB\r\nHệ điều hành:	iOS 7.0\r\nCamera chính:	8.0 MP, Quay phim FullHD 1080p@30fps\r\nCamera phụ:	1.2 MP', 'EQUIPMENT', '2015-05-13 16:08:17', 1, ''),
(57, 'iPhone 5S 16GB', 44, '\r\nMàn hình:	DVGA, 4.0", 640 x 1136 pixels\r\nCPU:	Apple A7, 2 nhân, 1.3 GHz\r\nRAM	1 GB\r\nHệ điều hành:	iOS 7.0\r\nCamera chính:	8.0 MP, Quay phim FullHD 1080p@30fps\r\nCamera phụ:	1.2 MP', 'EQUIPMENT', '2015-05-13 16:08:19', 1, ''),
(58, 'iPhone 5S 16GB', 44, '\r\nMàn hình:	DVGA, 4.0", 640 x 1136 pixels\r\nCPU:	Apple A7, 2 nhân, 1.3 GHz\r\nRAM	1 GB\r\nHệ điều hành:	iOS 7.0\r\nCamera chính:	8.0 MP, Quay phim FullHD 1080p@30fps\r\nCamera phụ:	1.2 MP', 'EQUIPMENT', '2015-05-13 16:08:22', 1, ''),
(59, 'iPhone 4S 8GB', 44, 'Màn hình :	3.5 inch (640 x 960 pixels)\r\nCamera :	Chính : 8 MP, Phụ : 0.3 MP\r\nBộ nhớ trong :	8 GB\r\nHệ điều hành :	iOS6/iOS7/iOS8\r\nChipset :	Apple A5', 'EQUIPMENT', '2015-05-13 16:09:13', 1, ''),
(60, 'iPhone 4S 8GB', 44, 'Màn hình :	3.5 inch (640 x 960 pixels)\r\nCamera :	Chính : 8 MP, Phụ : 0.3 MP\r\nBộ nhớ trong :	8 GB\r\nHệ điều hành :	iOS6/iOS7/iOS8\r\nChipset :	Apple A5', 'EQUIPMENT', '2015-05-13 16:09:20', 1, ''),
(61, 'iPhone 4S 8GB', 44, 'Màn hình :	3.5 inch (640 x 960 pixels)\r\nCamera :	Chính : 8 MP, Phụ : 0.3 MP\r\nBộ nhớ trong :	8 GB\r\nHệ điều hành :	iOS6/iOS7/iOS8\r\nChipset :	Apple A5', 'EQUIPMENT', '2015-05-13 16:09:22', 1, ''),
(62, 'iPhone 4S 8GB', 44, 'Màn hình :	3.5 inch (640 x 960 pixels)\r\nCamera :	Chính : 8 MP, Phụ : 0.3 MP\r\nBộ nhớ trong :	8 GB\r\nHệ điều hành :	iOS6/iOS7/iOS8\r\nChipset :	Apple A5', 'EQUIPMENT', '2015-05-13 16:09:25', 1, ''),
(63, 'iPhone 4S 8GB', 44, 'Màn hình :	3.5 inch (640 x 960 pixels)\r\nCamera :	Chính : 8 MP, Phụ : 0.3 MP\r\nBộ nhớ trong :	8 GB\r\nHệ điều hành :	iOS6/iOS7/iOS8\r\nChipset :	Apple A5', 'EQUIPMENT', '2015-05-13 16:09:27', 1, ''),
(64, 'Android', 41, 'OS: Android', 'CATEGORY', '2015-05-13 16:11:59', 1, ''),
(66, 'Sony Xperia Z3', 64, 'Chipset: Qualcomm MSM8974AC Snapdragon 801 Quad-core 2.5 GHz\r\nMàn hình: 5.2 inch, 1080 x 1920 pixels\r\nCamera: 20.7 MP/ 2.2 MP', 'EQUIPMENT', '2015-05-13 16:19:40', 1, ''),
(67, 'Sony Xperia Z3', 64, 'Chipset: Qualcomm MSM8974AC Snapdragon 801 Quad-core 2.5 GHz\r\nMàn hình: 5.2 inch, 1080 x 1920 pixels\r\nCamera: 20.7 MP/ 2.2 MP', 'EQUIPMENT', '2015-06-10 06:23:44', 1, 'images/avatar/equipment/1433935424.jpg'),
(68, 'Sony Xperia E3 D2202', 64, 'Chipset: Qualcomm MSM8926-2 Snapdragon 400, Quad-core 1.2 GHz\r\nMàn hình: 4.5 inch, 480 x 854 pixels\r\nCamera: 5.0 MP/ VGA', 'EQUIPMENT', '2015-05-13 16:20:48', 1, ''),
(69, 'Sony Xperia M2 Aqua', 64, 'Chipset: Qualcomm MSM8926-2 Snapdragon 400 Quad-core 1.2 GHz\r\nMàn hình: 4.8 inch, 540 x 960 pixels\r\nCamera: 8.0 MP/ VGA', 'EQUIPMENT', '2015-05-13 16:21:26', 1, ''),
(70, 'Sony Xperia Z2 D6503 4G', 64, 'Chipset: Qualcomm MSM8974AB, Quad-core 2.3 GHz\r\nMàn hình: 5.2 inch, 1920 x 1080 pixels\r\nCamera: 20.7 MP/ 2.2 MP', 'EQUIPMENT', '2015-05-13 16:22:16', 1, ''),
(71, 'Samsung Galaxy E7 - E700', 64, 'Chipset: Qualcomm MSM8916 Snapdragon 410 Quad-core 1.2 GHz\r\nMàn hình: 5.5 inch, 720 x 1280 pixels\r\nCamera: 13.0 MP/ 5.0 MP', 'EQUIPMENT', '2015-05-13 16:23:26', 1, ''),
(72, 'Windows Phone', 41, 'OS: Windows Phone', 'CATEGORY', '2015-05-13 16:24:03', 1, ''),
(73, 'Tablet', 0, '', 'CATEGORY', '2015-05-13 16:25:10', 1, ''),
(74, 'Laptop', 0, '', 'CATEGORY', '2015-05-13 16:26:12', 1, ''),
(75, 'Accessories', 0, '', 'CATEGORY', '2015-05-13 16:27:56', 1, ''),
(76, 'Desktop', 0, '', 'CATEGORY', '2015-05-13 16:28:35', 1, ''),
(77, 'Printer', 0, '', 'CATEGORY', '2015-05-13 16:29:07', 1, ''),
(78, 'Nokia Lumia 930', 72, 'Chipset: Qualcomm Snapdragon 800 Quad-core 2.2 GHz\r\nMàn hình: 5.0 inch, 1080 x 1920 pixels\r\nCamera: 20.0 MP/ 1.2 MP', 'EQUIPMENT', '2015-05-13 16:30:06', 1, ''),
(79, 'Nokia Lumia 625', 72, 'Chipset: Qualcomm Snapdragon S4 Dual-core 1.0 GHz\r\nMàn hình: 4.7 inch, 480 x 800 pixels\r\nCamera: 5.0 MP/ VGA\r\nOS: Windows Phone 8', 'EQUIPMENT', '2015-05-13 16:30:56', 1, ''),
(80, 'Nokia Lumia 730', 72, 'Chipset: Qualcomm Snapdragon 400 Quad-core 1.2 GHz\r\nMàn hình: 4.7 inch, 720 x 1280 pixels\r\nCamera: 6.7 MP/ 5.0 MP\r\nOS: Windows Phone 8.1', 'EQUIPMENT', '2015-05-13 16:31:50', 1, ''),
(81, 'IOS', 73, 'OS: iOS', 'CATEGORY', '2015-05-13 16:32:42', 1, ''),
(82, 'Android', 73, 'OS: Android', 'CATEGORY', '2015-05-13 16:33:04', 1, ''),
(83, 'Windows Phone', 73, 'OS: Windows Phone', 'CATEGORY', '2015-05-13 16:33:23', 1, ''),
(84, 'Lenovo MiiX3-1030 Full HD/Win 8.1', 83, 'Chipset: Intel Atom Z3735\r\nMàn hình: 10 inch, 1920 x 1200 Pixels\r\nCamera: Không/ 2.0 MP\r\nOS: Windows 8.1', 'EQUIPMENT', '2015-05-13 16:34:41', 1, ''),
(85, 'Acer W4-821', 83, 'Màn hình : 8 inches\r\nBộ nhớ trong : 32 GB\r\nRam : 2 GB\r\nHệ điều hành : Window 8.1', 'EQUIPMENT', '2015-05-13 16:35:30', 1, ''),
(86, 'Samsung Galaxy Tab 3V', 82, 'Chipset: Quad-core 1.3 GHz\r\nMàn hình: 7 inch, 1024 x 600 pixels\r\nCamera: 2.0 MP/ 2.0MP', 'EQUIPMENT', '2015-05-13 16:38:02', 1, ''),
(87, 'Acer A1-713 (8G) 3G', 82, 'Chipset: MT8382, Quad-core 1.3 GHz\r\nMàn hình: 7 inch, 600 x 1024 Pixels\r\nCamera: 2.0 MP/ 0.3 MP', 'EQUIPMENT', '2015-05-13 16:37:02', 1, ''),
(88, 'Asus Memopad ME181CX', 82, 'Chipset: Intel Atom Baytrail Z3745, Quad-core 1.33GHz \r\nMàn hình: 8 inch, 1280 x 800 Pixels \r\nCamera: 2.0 MP/ 0.3 MP', 'EQUIPMENT', '2015-05-13 16:38:16', 1, ''),
(89, 'Lenovo A5500 3G', 82, 'Chipset: MediaTek MTK 8382, Quad-core 1.3 GHz\r\nMàn hình: 8 inch, 1280 x 800 Pixels\r\nCamera: 5.0 MP/ 2.0 MP', 'EQUIPMENT', '2015-05-13 16:38:55', 1, ''),
(90, 'Samsung T805 - Tab S 10.5 inch', 82, 'Chipset: Cortex A15 + Cortex A7 \r\nMàn hình: 10.5 inch, 2560 x 1600 Pixels\r\nCamera: 8.0 MP/ 2.0 MP', 'EQUIPMENT', '2015-05-13 16:39:30', 1, ''),
(91, 'iPad mini 16GB', 81, 'Chipset: A5 - Dual - Core 1.0 GHz\r\nMàn hình: 7.9 inch, 1024 x 768 pixels\r\nCamera: 5.0 MP/ 1.2 MP', 'EQUIPMENT', '2015-05-13 16:40:22', 1, ''),
(92, 'iPad Air 2 Wifi 4G 128GB', 81, 'Chipset: A8 - 3 nhân 1.5 GHz\r\nMàn hình: 9.7 inch, 2048 x 1536 pixels\r\nCamera: 8.0 MP/ 1.2 MP\r\nOS: iOS 8', 'EQUIPMENT', '2015-05-13 16:41:09', 1, ''),
(93, 'iPad Air 2 Wifi 4G 64GB', 81, 'Chipset: A8X - 3 nhân 1.5 GHz\r\nMàn hình: 9.7 inch, 2048 x 1536 pixels\r\nCamera: 8.0 MP/ 1.2 MP', 'EQUIPMENT', '2015-05-13 16:41:52', 1, ''),
(94, 'iPad Air 2 Wifi 4G 64GB', 81, 'Chipset: A8X - 3 nhân 1.5 GHz\r\nMàn hình: 9.7 inch, 2048 x 1536 pixels\r\nCamera: 8.0 MP/ 1.2 MP', 'EQUIPMENT', '2015-05-13 16:42:05', 1, ''),
(95, 'iPad Air 2 Wifi 4G 64GB', 81, 'Chipset: A8X - 3 nhân 1.5 GHz\r\nMàn hình: 9.7 inch, 2048 x 1536 pixels\r\nCamera: 8.0 MP/ 1.2 MP', 'EQUIPMENT', '2015-05-13 16:42:08', 1, ''),
(96, 'iPad Air 2 Wifi 4G 64GB', 81, 'Chipset: A8X - 3 nhân 1.5 GHz\r\nMàn hình: 9.7 inch, 2048 x 1536 pixels\r\nCamera: 8.0 MP/ 1.2 MP', 'EQUIPMENT', '2015-05-13 16:42:13', 1, ''),
(97, 'OS', 74, '', 'CATEGORY', '2015-06-10 06:25:08', 1, 'images/avatar/equipment/1433935508.jpg'),
(98, 'New Macbook 12'' 512GB Grey', 97, 'Bộ xử lý: Intel Core M\r\nRAM: 8 GB\r\nĐĩa cứng: SSD - 512 GB', 'EQUIPMENT', '2015-05-13 16:45:21', 1, ''),
(100, 'Macbook Air 11''', 97, 'Bộ xử lý: Intel Core i5, 1.4Ghz\r\nRAM: 4 GB\r\nĐĩa cứng: SSD - 128 GB', 'EQUIPMENT', '2015-05-13 16:47:06', 1, ''),
(101, 'Windows 7', 74, '', 'CATEGORY', '2015-05-13 16:47:51', 1, ''),
(102, 'Windows 8/8.1', 74, '', 'CATEGORY', '2015-05-13 16:48:10', 1, ''),
(103, 'Linux', 74, '', 'CATEGORY', '2015-05-13 16:48:38', 1, ''),
(104, 'Asus X450CA-WX325D', 101, 'Bộ xử lý : Intel Core i3 3217U\r\nRAM : 4 GG\r\nHDD : 500 GB\r\nĐồ họa : Intel HD Graphics', 'EQUIPMENT', '2015-06-10 06:25:42', 1, 'images/avatar/equipment/1433935542.jpg'),
(105, 'HP 350/Core i5-4210U/VGA', 101, 'Bộ xử lý : Intel Core i5 4210U\r\nRAM : 4 GB\r\nHDD : 500 GB\r\nĐồ họa : AMD Radeon HD 8670M 1GB', 'EQUIPMENT', '2015-05-13 16:51:00', 1, ''),
(106, 'HP Probook 450/Core i7', 101, 'Bộ xử lý : Intel Core i7 4712MQ\r\nRAM : 8 GB\r\nHDD : 1 TB\r\nĐồ họa : AMD Radeon HD 8750M 2GB', 'EQUIPMENT', '2015-05-13 17:02:38', 1, ''),
(107, 'HP 15-r012TX/Core i5', 101, 'Bộ xử lý : Intel Core i5 4210U\r\nRAM : 4 GB\r\nHDD : 500 GB\r\nĐồ họa : NVIDIA® GeForce® 820M 2GB', 'EQUIPMENT', '2015-05-13 17:03:10', 1, ''),
(108, 'Sony Vaio SVF14N13CX/B ', 101, 'Bộ xử lý : Intel Core i5 4200U \r\nRAM : 8 GB\r\nHDD : 500 GB\r\nĐồ họa : Intel HD Graphics', 'EQUIPMENT', '2015-05-13 17:04:01', 1, ''),
(109, 'Sony Vaio SVF14N13CX/B ', 101, 'Bộ xử lý : Intel Core i5 4200U \r\nRAM : 8 GB\r\nHDD : 500 GB\r\nĐồ họa : Intel HD Graphics', 'EQUIPMENT', '2015-05-13 17:04:12', 1, ''),
(110, 'SONY VAIO SVF1532DCY/W', 102, 'Bộ xử lý : Intel Core i5 4200U\r\nRAM : 4 GB\r\nHDD : 500 GB\r\nĐồ họa  : Intel HD Graphics', 'EQUIPMENT', '2015-05-13 17:04:42', 1, ''),
(111, 'Dell N3442/i3-4005U', 102, 'Bộ xử ly : Intel Core i3 4005U\r\nRAM : 2 GB\r\nHDD : 500 GB\r\nĐồ họa : Intel Hd Graphics', 'EQUIPMENT', '2015-05-13 17:05:28', 1, ''),
(112, 'Dell Vostro V2421', 102, 'CPU: Intel Core i3-3227U,1.9Ghz\r\nRAM: 4GB DDR3\r\nHDD: 500GB Sata\r\nGPU:  Intel HD Graphics 4000', 'EQUIPMENT', '2015-05-13 17:06:10', 1, ''),
(113, 'Dell Vostro V2421', 103, 'CPU: Intel Core i3-3227U,1.9Ghz\r\nRAM: 4GB DDR3\r\nHDD: 500GB Sata\r\nGPU:  Intel HD Graphics 4000', 'EQUIPMENT', '2015-05-13 17:06:35', 1, ''),
(114, 'Dell Ins N3542', 103, 'Bộ xử lý: Intel Core i3 Haswell, 4005U, 1.7 Ghz\r\nRam: 4GB\r\nHDD: 500GB\r\nĐồ họa:Intel HD Graphics 4400', 'EQUIPMENT', '2015-05-13 17:07:17', 1, ''),
(115, 'Dell N3542', 102, 'Bộ xử lý : Intel Core i7 4510U\r\nRAM : 8 GB\r\nHDD : 1TB\r\nĐồ họa : NVIDIA GeForce 840M', 'EQUIPMENT', '2015-05-13 17:08:32', 1, ''),
(116, 'Dell N7437', 102, 'CPU: Intel, Core i5 Haswell, 4210U\r\nRAM: 6GB DDR3\r\nĐĩa cứng: 32GB (SSD) + 500GB (HDD)\r\nĐồ họa: Intel HD Graphics 4400', 'EQUIPMENT', '2015-05-13 17:09:14', 1, ''),
(117, 'Dell N7437', 102, 'CPU: Intel, Core i5 Haswell, 4210U\r\nRAM: 6GB DDR3\r\nĐĩa cứng: 32GB (SSD) + 500GB (HDD)\r\nĐồ họa: Intel HD Graphics 4400', 'EQUIPMENT', '2015-05-13 17:11:03', 1, ''),
(118, 'Dell N7437', 102, 'CPU: Intel, Core i5 Haswell, 4210U\r\nRAM: 6GB DDR3\r\nĐĩa cứng: 32GB (SSD) + 500GB (HDD)\r\nĐồ họa: Intel HD Graphics 4400', 'EQUIPMENT', '2015-05-13 17:11:19', 1, ''),
(119, 'Dell N7437', 102, 'CPU: Intel, Core i5 Haswell, 4210U\r\nRAM: 6GB DDR3\r\nĐĩa cứng: 32GB (SSD) + 500GB (HDD)\r\nĐồ họa: Intel HD Graphics 4400', 'EQUIPMENT', '2015-05-13 17:12:20', 1, ''),
(120, 'Acer E5-571G', 102, 'Bộ xử lý : Intel Core i5 4210U 1.7 GHz ( up to 2.70 GHz)\r\nRAM : 4 GB\r\nHDD : 500 GB\r\nĐồ họa : Geforce GT820 2 GB', 'EQUIPMENT', '2015-05-13 17:14:05', 1, ''),
(121, 'Acer Aspire E1-572G', 102, 'Bộ xử lý: Intel Core i5 4200U - 1.6Ghz\r\nRAM: 4GB - DDR3 - 1600Mhz\r\nHDD: 500GB\r\nĐồ họa: ATI HD 8750M', 'EQUIPMENT', '2015-05-13 17:15:18', 1, ''),
(122, 'Lenovo G5070', 101, 'Bộ xử lý : Core i5 4200U \r\nRam :  4 GB\r\nHDD : 500 GB', 'EQUIPMENT', '2015-05-13 17:17:35', 1, ''),
(123, 'PC Dell Optiplex 3020MT', 76, '- Intel Core i5-4590 3.3GHz\r\n- DDRAM 4GB/1600\r\n- HDD 500GB SATA\r\n- Intel HD 4600', 'EQUIPMENT', '2015-05-13 17:21:09', 1, ''),
(124, 'PC Dell Optiplex 3020MT', 76, '- Intel Core i5-4590 3.3GHz\r\n- DDRAM 4GB/1600\r\n- HDD 500GB SATA\r\n- Intel HD 4600', 'EQUIPMENT', '2015-05-13 17:21:48', 1, ''),
(125, 'PC Dell Optiplex 3020MT', 76, '- Intel Core i5-4590 3.3GHz\r\n- DDRAM 4GB/1600\r\n- HDD 500GB SATA\r\n- Intel HD 4600', 'EQUIPMENT', '2015-05-13 17:21:51', 1, ''),
(126, 'PC Dell Optiplex 3020MT', 76, '- Intel Core i5-4590 3.3GHz\r\n- DDRAM 4GB/1600\r\n- HDD 500GB SATA\r\n- Intel HD 4600', 'EQUIPMENT', '2015-05-13 17:21:54', 1, ''),
(127, 'PC Dell Optiplex 3020MT', 76, '- Intel Core i5-4590 3.3GHz\r\n- DDRAM 4GB/1600\r\n- HDD 500GB SATA\r\n- Intel HD 4600', 'EQUIPMENT', '2015-05-13 17:21:57', 1, ''),
(128, 'PC Dell Optiplex 3020MT', 76, '- Intel Core i5-4590 3.3GHz\r\n- DDRAM 4GB/1600\r\n- HDD 500GB SATA\r\n- Intel HD 4600', 'EQUIPMENT', '2015-05-13 17:22:00', 1, ''),
(129, 'PC Dell Optiplex 3020MT', 76, '- Intel Core i5-4590 3.3GHz\r\n- DDRAM 4GB/1600\r\n- HDD 500GB SATA\r\n- Intel HD 4600', 'EQUIPMENT', '2015-05-13 17:22:06', 1, ''),
(130, 'PC Dell Optiplex 3020MT', 76, '- Intel Core i5-4590 3.3GHz\r\n- DDRAM 4GB/1600\r\n- HDD 500GB SATA\r\n- Intel HD 4600', 'EQUIPMENT', '2015-05-13 17:22:10', 1, ''),
(131, 'PC Dell Optiplex 3020MT', 76, '- Intel Core i5-4590 3.3GHz\r\n- DDRAM 4GB/1600\r\n- HDD 500GB SATA\r\n- Intel HD 4600', 'EQUIPMENT', '2015-05-13 17:22:12', 1, ''),
(132, 'PC Dell Optiplex 3020MT', 76, '- Intel Core i5-4590 3.3GHz\r\n- DDRAM 4GB/1600\r\n- HDD 500GB SATA\r\n- Intel HD 4600', 'EQUIPMENT', '2015-05-13 17:22:15', 1, ''),
(133, 'PC HP Pavilion 500-504X', 76, '- Intel Core i5-4460 3.2GHz - 6M\r\n- DDRAM 4GB/1600 (2 slot)\r\n- HDD 1.0TB SATA 7200rpm\r\n- NVIDIA GF GT 710 2GB DDR3 ', 'EQUIPMENT', '2015-05-13 17:23:12', 1, ''),
(134, 'PC HP Pavilion 500-504X', 76, '- Intel Core i5-4460 3.2GHz - 6M\r\n- DDRAM 4GB/1600 (2 slot)\r\n- HDD 1.0TB SATA 7200rpm\r\n- NVIDIA GF GT 710 2GB DDR3 ', 'EQUIPMENT', '2015-05-13 17:23:15', 1, ''),
(135, 'PC HP Pavilion 500-504X', 76, '- Intel Core i5-4460 3.2GHz - 6M\r\n- DDRAM 4GB/1600 (2 slot)\r\n- HDD 1.0TB SATA 7200rpm\r\n- NVIDIA GF GT 710 2GB DDR3 ', 'EQUIPMENT', '2015-05-13 17:23:18', 1, ''),
(136, 'PC HP Pavilion 500-504X', 76, '- Intel Core i5-4460 3.2GHz - 6M\r\n- DDRAM 4GB/1600 (2 slot)\r\n- HDD 1.0TB SATA 7200rpm\r\n- NVIDIA GF GT 710 2GB DDR3 ', 'EQUIPMENT', '2015-05-13 17:23:22', 1, ''),
(137, 'PC HP Pavilion 500-504X', 76, '- Intel Core i5-4460 3.2GHz - 6M\r\n- DDRAM 4GB/1600 (2 slot)\r\n- HDD 1.0TB SATA 7200rpm\r\n- NVIDIA GF GT 710 2GB DDR3 ', 'EQUIPMENT', '2015-05-13 17:23:25', 1, ''),
(138, 'PC HP Pavilion 500-504X', 76, '- Intel Core i5-4460 3.2GHz - 6M\r\n- DDRAM 4GB/1600 (2 slot)\r\n- HDD 1.0TB SATA 7200rpm\r\n- NVIDIA GF GT 710 2GB DDR3 ', 'EQUIPMENT', '2015-05-13 17:23:27', 1, ''),
(139, 'PC HP Pavilion 500-504X', 76, '- Intel Core i5-4460 3.2GHz - 6M\r\n- DDRAM 4GB/1600 (2 slot)\r\n- HDD 1.0TB SATA 7200rpm\r\n- NVIDIA GF GT 710 2GB DDR3 ', 'EQUIPMENT', '2015-05-13 17:23:29', 1, ''),
(140, 'PC HP Pavilion 500-504X', 76, '- Intel Core i5-4460 3.2GHz - 6M\r\n- DDRAM 4GB/1600 (2 slot)\r\n- HDD 1.0TB SATA 7200rpm\r\n- NVIDIA GF GT 710 2GB DDR3 ', 'EQUIPMENT', '2015-05-13 17:23:31', 1, ''),
(141, 'PC HP Pavilion 500-504X', 76, '- Intel Core i5-4460 3.2GHz - 6M\r\n- DDRAM 4GB/1600 (2 slot)\r\n- HDD 1.0TB SATA 7200rpm\r\n- NVIDIA GF GT 710 2GB DDR3 ', 'EQUIPMENT', '2015-05-13 17:23:33', 1, ''),
(142, 'PC HP Pavilion 500-504X', 76, '- Intel Core i5-4460 3.2GHz - 6M\r\n- DDRAM 4GB/1600 (2 slot)\r\n- HDD 1.0TB SATA 7200rpm\r\n- NVIDIA GF GT 710 2GB DDR3 ', 'EQUIPMENT', '2015-05-13 17:23:35', 1, ''),
(143, 'PC HP Pavilion 500-504X', 76, '- Intel Core i5-4460 3.2GHz - 6M\r\n- DDRAM 4GB/1600 (2 slot)\r\n- HDD 1.0TB SATA 7200rpm\r\n- NVIDIA GF GT 710 2GB DDR3 ', 'EQUIPMENT', '2015-05-13 17:23:37', 1, ''),
(144, 'PC HP Pavilion 500-504X', 76, '- Intel Core i5-4460 3.2GHz - 6M\r\n- DDRAM 4GB/1600 (2 slot)\r\n- HDD 1.0TB SATA 7200rpm\r\n- NVIDIA GF GT 710 2GB DDR3 ', 'EQUIPMENT', '2015-05-13 17:23:40', 1, ''),
(145, 'Black/White', 77, '', 'CATEGORY', '2015-05-13 17:28:02', 1, ''),
(147, 'Color', 77, '', 'CATEGORY', '2015-05-13 17:28:29', 1, ''),
(148, 'CANON PIXMA MG3570', 147, 'A4, A5, B5, LTR, LGL, 4 x 6", 5 x 7", 8 x 10", Envelopes (DL, COM10)', 'EQUIPMENT', '2015-05-13 17:29:52', 1, ''),
(149, 'CANON PIXMA MG3570', 147, 'A4, A5, B5, LTR, LGL, 4 x 6", 5 x 7", 8 x 10", Envelopes (DL, COM10)', 'EQUIPMENT', '2015-05-13 17:30:00', 1, ''),
(150, 'CANON PIXMA MG3570', 147, 'A4, A5, B5, LTR, LGL, 4 x 6", 5 x 7", 8 x 10", Envelopes (DL, COM10)', 'EQUIPMENT', '2015-05-13 17:30:03', 1, ''),
(151, 'CANON PIXMA MG3570', 147, 'A4, A5, B5, LTR, LGL, 4 x 6", 5 x 7", 8 x 10", Envelopes (DL, COM10)', 'EQUIPMENT', '2015-05-13 17:30:05', 1, ''),
(152, 'CANON PIXMA MG3570', 147, 'A4, A5, B5, LTR, LGL, 4 x 6", 5 x 7", 8 x 10", Envelopes (DL, COM10)', 'EQUIPMENT', '2015-05-13 17:30:10', 1, ''),
(153, 'CANON MF4750', 145, 'A4, B5, A5, B6, LTR, LGL, Custom (Min. 105 x 148mm to Max. 356 x 216mm)', 'EQUIPMENT', '2015-05-13 17:31:50', 1, ''),
(154, 'CANON MF4750', 145, 'A4, B5, A5, B6, LTR, LGL, Custom (Min. 105 x 148mm to Max. 356 x 216mm)', 'EQUIPMENT', '2015-05-13 17:31:54', 1, ''),
(155, 'CANON MF4750', 145, 'A4, B5, A5, B6, LTR, LGL, Custom (Min. 105 x 148mm to Max. 356 x 216mm)', 'EQUIPMENT', '2015-05-13 17:31:56', 1, ''),
(156, 'CANON MF4750', 145, 'A4, B5, A5, B6, LTR, LGL, Custom (Min. 105 x 148mm to Max. 356 x 216mm)', 'EQUIPMENT', '2015-05-13 17:31:59', 1, ''),
(157, 'CANON MF4750', 145, 'A4, B5, A5, B6, LTR, LGL, Custom (Min. 105 x 148mm to Max. 356 x 216mm)', 'EQUIPMENT', '2015-05-13 17:32:02', 1, ''),
(158, 'akhsd', 44, 'kdhfksd', 'EQUIPMENT', '2015-06-05 10:27:07', 1, '');

-- --------------------------------------------------------

--
-- Table structure for table `settings`
--

CREATE TABLE IF NOT EXISTS `settings` (
`id` int(11) NOT NULL,
  `variable` text NOT NULL,
  `name` text NOT NULL,
  `value` text NOT NULL,
  `active` int(11) NOT NULL DEFAULT '1',
  `type` int(11) NOT NULL DEFAULT '0' COMMENT '0: none, 1 text, , 2 select, 3: checkbox',
  `min` int(11) NOT NULL,
  `max` int(11) NOT NULL,
  `createtime` timestamp NOT NULL DEFAULT CURRENT_TIMESTAMP,
  `belongto` bigint(20) NOT NULL,
  `symbol` text NOT NULL
) ENGINE=InnoDB AUTO_INCREMENT=7 DEFAULT CHARSET=latin1;

--
-- Dumping data for table `settings`
--

INSERT INTO `settings` (`id`, `variable`, `name`, `value`, `active`, `type`, `min`, `max`, `createtime`, `belongto`, `symbol`) VALUES
(1, 'day_per_week', 'Days / week', '7', 1, 1, 1, 7, '2015-06-19 11:14:38', 6, 'week'),
(2, 'hour_per_day', 'Hours / day', '8', 1, 1, 1, 24, '2015-06-19 11:14:38', 6, 'day'),
(3, 'min_per_hour', 'Minutes / hour', '60', 1, -1, 60, 60, '2015-05-15 06:12:27', 6, 'hour'),
(4, 'sec_per_min', 'Seconds / minute', '60', 1, -1, 60, 60, '2015-05-15 06:12:39', 6, 'min'),
(5, 'sec_per_sec', 'Second / second', '1', 1, -1, 60, 60, '2015-05-15 06:12:39', 6, 'sec'),
(6, 'system_time_format', 'System time format', '3', 1, 2, 1, 5, '2015-06-19 11:14:38', 0, '');

-- --------------------------------------------------------

--
-- Table structure for table `staff`
--

CREATE TABLE IF NOT EXISTS `staff` (
`id` bigint(20) NOT NULL,
  `address` text CHARACTER SET utf8 NOT NULL,
  `email` text NOT NULL,
  `name` text CHARACTER SET utf8 NOT NULL,
  `password` varchar(255) NOT NULL,
  `repassword` text NOT NULL,
  `telephone` varchar(255) NOT NULL,
  `sex` int(11) NOT NULL,
  `username` text NOT NULL,
  `avatar` text CHARACTER SET utf8 NOT NULL,
  `lastvisit` timestamp NOT NULL DEFAULT CURRENT_TIMESTAMP,
  `createtime` timestamp NOT NULL DEFAULT CURRENT_TIMESTAMP,
  `birthdate` text NOT NULL,
  `teamid` bigint(20) NOT NULL,
  `position` text NOT NULL,
  `description` text NOT NULL,
  `active` tinyint(1) NOT NULL DEFAULT '1'
) ENGINE=InnoDB AUTO_INCREMENT=92 DEFAULT CHARSET=latin1;

--
-- Dumping data for table `staff`
--

INSERT INTO `staff` (`id`, `address`, `email`, `name`, `password`, `repassword`, `telephone`, `sex`, `username`, `avatar`, `lastvisit`, `createtime`, `birthdate`, `teamid`, `position`, `description`, `active`) VALUES
(55, 'Ho Chi Minh city, Viet Nam', 'superadmin@gmail.com', 'Super Admin', 'superadmin', 'superadmin', '+84123456789', 0, 'superadmin', 'images/avatar/profile/1433928137.gif', '2015-05-14 23:31:24', '2015-06-20 00:52:44', '1978-01-01', 0, 'ADMIN', '', 1),
(61, 'Ho Chi Minh city, Viet Nam', 'khoinguyen@gmail.com', 'Đoàn Đình Khôi Nguyên', 'khoinguyen12345', 'khoinguyen12345', '093 5052 246', 0, 'khoinguyen12345', '', '2015-05-16 05:25:15', '2015-06-21 12:58:20', '1987-04-12', 6, 'STAFF', '', 1),
(62, 'Ho Chi Minh city, Viet Nam', 'trunghieu@gmail.com', 'Phạm Trung Hiếu ', 'trunghieu12345', 'trunghieu12345', '0987 800 100 ', 0, 'trunghieu12345', '', '2015-05-16 05:26:32', '2015-05-16 00:26:32', '1990-04-12', 0, 'STAFF', '', 0),
(63, 'Ho Chi Minh city, Viet Nam', 'thuytram@gmail.com', 'Dương Thị Thùy Trâm', 'thuytram12345', 'thuytram12345', '091 869 8184', 1, 'thuytram12345', '', '2015-05-16 05:27:13', '2015-05-16 00:27:48', '1989-01-31', 0, 'STAFF', '', 0),
(64, 'Ho Chi Minh city, Viet Nam', 'thuhang@gmail.com', 'Lê Thị Thu Hằng', 'thuhang12345', 'thuhang12345', '0979 624 615', 1, 'thuhang12345', '', '2015-05-16 05:28:40', '2015-05-16 00:28:40', '1985-04-12', 0, 'STAFF', '', 0),
(66, 'Ho Chi Minh city, Viet Nam', 'luyentran@gmail.com', 'Trần Thị Luyến', 'luyentran12345', 'luyentran12345', '0908 171 434', 1, 'luyentran12345', '', '2015-05-16 05:37:15', '2015-06-08 20:18:39', '1983-05-04', 3, 'STAFF', '', 1),
(67, 'Ho Chi Minh city, Viet Nam', 'tampham@gmail.com', 'Phạm Thị Tâm ', 'tampham12345', 'tampham12345', '093 719 0509', 1, 'tampham12345', '', '2015-05-16 05:38:23', '2015-06-21 12:57:58', '1987-05-02', 7, 'LEADER', '', 1),
(68, 'Ho Chi Minh city, Viet Nam', 'thanhguyen@gmail.com', 'Thái Thị Thanh Nguyên', 'thanhguyen12345', 'thanhguyen12345', '0935 122 026', 1, 'thanhguyen12345', 'images/avatar/profile/1433319798.png', '2015-05-16 05:40:56', '2015-06-21 12:58:20', '1986-06-04', 6, 'STAFF', '', 1),
(69, 'Ho Chi Minh city, Viet Nam', 'thuongloan@gmail.com', 'Vũ Thị Thương Loan ', 'thuongloan12345', 'thuongloan12345', '0948 63 93 63 ', 1, 'thuongloan12345', '', '2015-05-16 05:41:54', '2015-06-21 12:58:20', '1989-05-07', 6, 'STAFF', '', 1),
(70, 'Ho Chi Minh city, Viet Nam', 'lenhan@gmail.com', 'Lê Thị Thúy Nhản', 'lenhan12345', 'lenhan12345', '0932 613 534', 1, 'lenhan12345', '', '2015-05-16 05:45:47', '2015-06-21 12:58:20', '1990-03-07', 6, 'STAFF', '', 1),
(71, 'Ho Chi Minh city, Viet Nam', 'nhatduy@gmail.com', 'Nguyễn Nhật Duy', 'nhatduy12345', 'nhatduy12345', '0983 071 382 ', 0, 'nhatduy12345', '', '2015-05-16 05:49:08', '2015-06-21 12:58:20', '1990-08-04', 6, 'STAFF', '', 1),
(72, 'Ho Chi Minh city, Viet Nam', 'tranthanhduy@gmail.com', 'Trần Thanh Duy ', 'tranthanhduy12345', 'tranthanhduy12345', '0903 886 503 ', 0, 'tranthanhduy12345', '', '2015-05-16 05:49:45', '2015-06-08 20:18:39', '1989-02-06', 3, 'STAFF', '', 1),
(73, 'Ho Chi Minh city, Viet Nam', 'nhatminh@gmail.com', 'Ngô Nhật Minh ', 'nhatminh12345', 'nhatminh12345', '0903 320 920', 0, 'nhatminh12345', '', '2015-05-16 05:50:19', '2015-06-21 12:58:20', '1979-08-04', 6, 'STAFF', '', 1),
(74, 'Ho Chi Minh city, Viet Nam', 'truongbich@gmail.com', 'Trương Thị Bích', 'truongbich12345', 'truongbich12345', ' 0934 037 856', 1, 'truongbich12345', '', '2015-05-16 05:51:08', '2015-06-20 07:44:39', '1990-09-04', 5, 'LEADER', '', 1),
(75, 'Ho Chi Minh city, Viet Nam', 'huybao@gmail.com', 'Trần Đình Huy Bảo', 'huybao12345', 'huybao12345', '0905 751 771', 0, 'huybao12345', '', '2015-05-16 05:52:13', '2015-06-20 14:40:27', '1988-03-31', 10, 'STAFF', '', 1),
(76, 'Ho Chi Minh city, Viet Nam', 'congtriet@gmail.com', 'Dương Công Triết', 'congtriet12345', 'congtriet12345', '0913 494 769', 0, 'congtriet12345', '', '2015-05-16 05:54:04', '2015-06-08 20:18:39', '1987-05-03', 3, 'STAFF', '', 1),
(77, 'Ho Chi Minh city, Viet Nam', 'ntvnhat@gmail.com', 'Nguyễn Thanh Vĩnh Nhật', 'ntvnhat12345', 'ntvnhat12345', '0935 156 469 ', 0, 'ntvnhat12345', '', '2015-05-16 05:54:51', '2015-06-21 12:57:58', '1989-01-23', 7, 'STAFF', '', 1),
(78, 'Ho Chi Minh city, Viet Nam', 'tuyetnhung@gmail.com', 'Phạm Thị Tuyết Nhung ', 'tuyetnhung12345', 'tuyetnhung12345', '0919 735 421 ', 1, 'tuyetnhung12345', '', '2015-05-16 05:55:26', '2015-06-20 14:40:27', '1990-06-03', 10, 'STAFF', '', 1),
(79, 'Ho Chi Minh city, Viet Nam', 'thuylinh@gmail.com', 'Nguyễn Thị Thùy Linh ', 'thuylinh12345', 'thuylinh12345', '0902 963 320 ', 1, 'thuylinh12345', '', '2015-05-16 05:56:09', '2015-06-21 12:58:20', '1989-05-05', 6, 'STAFF', '', 1),
(81, 'Ho Chi Minh city, Viet Nam', 'giaonguyen@gmail.com', 'Hoàng Lê Giao Nguyên', 'giaonguyen12345', 'giaonguyen12345', '0902 963 320 ', 1, 'giaonguyen12345', '', '2015-05-16 05:58:55', '2015-06-20 07:45:14', '1987-07-05', 9, 'STAFF', '', 1),
(82, 'Ho Chi Minh city, Viet Nam', 'anhphuong@gmail.com', 'Nguyễn Thị Ánh Phượng', 'anhphuong12345', 'anhphuong12345', '0168 387 4579 ', 1, 'anhphuong12345', '', '2015-05-16 06:00:15', '2015-06-20 14:40:27', '1989-06-05', 10, 'LEADER', '', 1),
(83, 'Ho Chi Minh city, Viet Nam', 'thiennguyen@gmail.com', 'Nguyễn Văn Thiện', 'thiennguyen12345', 'thiennguyen12345', '0909 417 775 ', 0, 'thiennguyen12345', '', '2015-05-16 06:03:20', '2015-05-16 22:47:56', '1988-02-03', 1, 'STAFF', '', 1),
(84, 'Ho Chi Minh city, Viet Nam', 'thanhbao@gmail.com', 'Nguyễn Trương Thanh Bảo ', 'thanhbao12345', 'thanhbao12345', '0903 929 210 ', 0, 'thanhbao12345', '', '2015-05-16 06:04:08', '2015-06-21 12:58:20', '1989-02-04', 6, 'STAFF', '', 1),
(85, 'Ho Chi Minh city, Viet Nam', 'thaingoc@gmail.com', 'Phan Huỳnh Thái Ngọc ', 'thaingoc12345', 'thaingoc12345', '0986 313 099 ', 0, 'thaingoc12345', '', '2015-05-16 06:04:52', '2015-06-20 14:40:27', '1987-01-23', 10, 'STAFF', '', 1),
(86, 'Ho Chi Minh city, Viet Nam', 'phamthihai@gmail.com', 'Phạm Thị Hải ', 'phamthihai12345', 'phamthihai12345', '0933 491 717 ', 1, 'phamthihai12345', '', '2015-05-16 06:05:34', '2015-06-21 12:58:20', '1987-03-05', 6, 'STAFF', '', 1),
(87, 'Ho Chi Minh city, Viet Nam', 'trinhvu@gmail.com', 'Nguyễn Trịnh Vũ ', 'trinhvu12345', 'trinhvu12345', '0905 127 137 ', 0, 'trinhvu12345', '', '2015-05-16 06:06:16', '2015-05-16 22:47:56', '1988-01-02', 1, 'STAFF', '', 1),
(88, 'Ho Chi Minh city, Viet Nam', 'hainam@gmail.com', 'Vũ Hải Nam', 'hainam12345', 'hainam12345', '01689 602 790 ', 0, 'hainam12345', '', '2015-05-16 06:07:10', '2015-05-16 22:47:56', '1990-07-23', 1, 'STAFF', '', 1),
(89, 'Ho Chi Minh city, Viet Nam', 'mtvdanang@gmail.com', 'Bảo Hoàng', 'mtvdanang12345', 'mtvdanang12345', '0913 494 494 ', 0, 'mtvdanang12345', 'images/avatar/profile/1434939109.jpg', '2015-05-16 06:07:53', '2015-06-21 21:11:49', '1990-09-30', 6, 'LEADER', '', 1),
(90, 'Ho Chi Minh city, Viet Nam', 'kientanh@gmail.com', 'Nguyễn Kiến Tánh', 'kientanh12345', 'kientanh12345', '0917 820 702', 0, 'kientanh12345', '', '2015-05-16 06:08:19', '2015-06-20 14:40:27', '1989-05-02', 10, 'STAFF', '', 1),
(91, 'Ho Chi Minh city, Viet Nam', 'kieutrinhle@gmail.com', 'Lê Thị Kiều Trinh', 'kieutrinhle12345', 'kieutrinhle12345', '0987 314 212', 0, 'kieutrinhle12345', '', '2015-05-16 06:08:57', '2015-05-16 01:08:57', '1988-11-26', 1, 'STAFF', '', 1);

-- --------------------------------------------------------

--
-- Table structure for table `task`
--

CREATE TABLE IF NOT EXISTS `task` (
`id` bigint(20) NOT NULL,
  `belongto` bigint(20) NOT NULL,
  `leaderid` bigint(20) NOT NULL,
  `description` text CHARACTER SET utf8 NOT NULL,
  `name` text CHARACTER SET utf8 NOT NULL,
  `type` text NOT NULL,
  `startdate` date NOT NULL,
  `enddate` date NOT NULL,
  `duration` text NOT NULL,
  `status` int(11) NOT NULL DEFAULT '0' COMMENT '0:NOTSTARTED, 1:PROCESSING, 2:DONE',
  `createtime` timestamp NOT NULL DEFAULT CURRENT_TIMESTAMP,
  `active` tinyint(1) NOT NULL DEFAULT '1',
  `result` text NOT NULL,
  `start` date NOT NULL,
  `end` date NOT NULL,
  `projecttype` text NOT NULL
) ENGINE=InnoDB AUTO_INCREMENT=106 DEFAULT CHARSET=latin1;

--
-- Dumping data for table `task`
--

INSERT INTO `task` (`id`, `belongto`, `leaderid`, `description`, `name`, `type`, `startdate`, `enddate`, `duration`, `status`, `createtime`, `active`, `result`, `start`, `end`, `projecttype`) VALUES
(1, 0, 67, 'The system supports the use of public buses through the problem of finding the way multi-purpose', 'The system supports the use of public buses', 'PROJECT', '2015-07-15', '2015-11-27', '0', 1, '2015-06-13 13:43:55', 1, 'Finished', '0000-00-00', '0000-00-00', 'PRIVATE'),
(2, 1, 67, 'Scope The system supports the use of public buses', 'Scope', 'TASK', '2015-06-30', '2015-06-30', '576000', 2, '2015-06-13 13:01:22', 1, '', '0000-00-00', '0000-00-00', 'PUBLIC'),
(3, 0, 74, 'Vertex Shader Programming, Pixel Shader effects Volume Bump Mapping and Shading', 'Bump Mapping and Volume Shading', 'PROJECT', '2015-06-28', '2016-04-01', '0', 1, '2015-06-08 20:53:52', 1, '', '0000-00-00', '0000-00-00', 'PUBLIC'),
(4, 0, 89, 'Learn the solutions used to collect images the camera underwater. Reality module to transfer images from the camera on incomes web server.\r\n', 'Real time monitoring system underwater images', 'PROJECT', '2015-06-09', '2015-06-20', '0', 2, '2015-06-10 05:22:11', 1, '', '0000-00-00', '0000-00-00', 'PUBLIC'),
(5, 0, 82, 'Learn Kerberos', 'Kerberos authentication system using biometric characteristics', 'PROJECT', '2015-06-25', '2015-12-26', '288000', 1, '2015-06-21 05:56:07', 1, '', '2015-06-20', '0000-00-00', 'PUBLIC'),
(6, 0, 82, 'Read operations include the services of studio wedding dress', 'Information management applications for the studio wedding services', 'PROJECT', '2015-06-09', '2015-06-09', '0', 1, '2015-06-13 05:25:43', 1, '', '0000-00-00', '0000-00-00', 'PUBLIC'),
(7, 0, 89, 'SOFTWARE DEVELOPMENT PLAN\r\n', 'Software Development', 'PROJECT', '2015-06-22', '2015-11-02', '2757600', 1, '2015-06-21 22:48:32', 1, '', '0000-00-00', '0000-00-00', 'PUBLIC'),
(8, 7, 89, '', 'Scope', 'TASK', '2015-06-22', '2015-06-25', '100800', 1, '2015-06-21 22:48:59', 1, '', '0000-00-00', '0000-00-00', 'PUBLIC'),
(9, 7, 89, 'Analysis/Software Requirements.', 'Analysis/Software Requirements', 'TASK', '2015-06-25', '2016-07-15', '403200', 0, '2015-06-21 23:11:49', 1, '', '0000-00-00', '0000-00-00', 'PUBLIC'),
(10, 7, 89, 'Design', 'Design', 'TASK', '2015-07-15', '2015-08-04', '417600', 0, '2015-06-21 23:09:22', 1, '', '0000-00-00', '0000-00-00', 'PUBLIC'),
(11, 7, 89, 'Development', 'Development', 'TASK', '2015-08-05', '2015-09-03', '626400', 0, '2015-06-21 23:06:33', 1, '', '0000-00-00', '0000-00-00', 'PUBLIC'),
(12, 7, 89, 'Testing', 'Testing', 'TASK', '2015-08-05', '2015-10-12', '1404000', 0, '2015-06-21 23:02:30', 1, '', '0000-00-00', '0000-00-00', 'PUBLIC'),
(13, 7, 89, 'Training', 'Training', 'TASK', '2015-08-05', '2015-10-07', '1317600', 0, '2015-06-21 23:00:04', 1, '', '0000-00-00', '0000-00-00', 'PUBLIC'),
(14, 7, 89, 'Documentation', 'Documentation', 'TASK', '2015-08-05', '2015-09-16', '878400', 0, '2015-06-21 22:57:48', 1, '', '0000-00-00', '0000-00-00', 'PUBLIC'),
(15, 7, 89, 'Pilot', 'Pilot', 'TASK', '2015-07-15', '2015-10-21', '2023200', 0, '2015-06-21 22:56:13', 1, '', '0000-00-00', '0000-00-00', 'PUBLIC'),
(16, 7, 89, 'Deployment', 'Deployment', 'TASK', '2015-10-21', '2015-10-28', '144000', 0, '2015-06-21 22:53:21', 1, '', '0000-00-00', '0000-00-00', 'PUBLIC'),
(17, 7, 89, 'Post Implementation Review', 'Post Implementation Review', 'TASK', '2015-10-28', '2016-11-02', '86400', 0, '2015-06-21 22:51:56', 1, '', '0000-00-00', '0000-00-00', 'PUBLIC'),
(18, 7, 89, 'Software development template complete', 'Software development template complete', 'TASK', '2015-11-02', '2016-11-02', '0', 0, '2015-06-21 22:51:27', 1, '', '0000-00-00', '0000-00-00', 'PUBLIC'),
(19, 8, 89, 'Determine project scope', 'Determine project scope', 'TASK', '2015-06-22', '2015-06-22', '14400', 0, '2015-06-21 22:49:37', 1, '', '0000-00-00', '0000-00-00', 'PUBLIC'),
(20, 8, 89, 'Secure project sponsorship', 'Secure project sponsorship', 'TASK', '2015-06-22', '2015-06-23', '28800', 0, '2015-06-21 22:50:05', 1, '', '0000-00-00', '0000-00-00', 'PUBLIC'),
(21, 8, 89, 'Define preliminary resources', 'Define preliminary resources', 'TASK', '2015-06-23', '2015-06-24', '28800', 0, '2015-06-21 22:50:16', 1, '', '0000-00-00', '0000-00-00', 'PUBLIC'),
(22, 8, 89, 'Secure core resources', 'Secure core resources', 'TASK', '2015-06-24', '2015-06-25', '28800', 0, '2015-06-21 22:50:29', 1, '', '0000-00-00', '0000-00-00', 'PUBLIC'),
(23, 8, 89, 'Scope complete', 'Scope complete', 'TASK', '2015-06-25', '2015-06-25', '0', 0, '2015-06-21 22:50:43', 1, '', '0000-00-00', '0000-00-00', 'PUBLIC'),
(24, 9, 89, 'Conduct needs analysis', 'Conduct needs analysis', 'TASK', '2015-06-25', '2015-07-02', '144000', 0, '2015-06-21 23:12:13', 1, '', '0000-00-00', '0000-00-00', 'PUBLIC'),
(25, 9, 89, 'Draft preliminary software specifications', 'Draft preliminary software specifications', 'TASK', '2015-07-02', '2015-07-07', '86400', 0, '2015-06-21 23:12:34', 1, '', '0000-00-00', '0000-00-00', 'PUBLIC'),
(26, 9, 89, 'Develop preliminary budget', 'Develop preliminary budget', 'TASK', '2015-07-07', '2015-07-09', '57600', 1, '2015-06-21 23:12:46', 1, '', '2015-06-21', '0000-00-00', 'PUBLIC'),
(27, 9, 89, 'Review software specifications/budget with team', 'Review software specifications/budget with team', 'TASK', '2015-07-09', '2015-07-09', '14400', 1, '2015-06-21 23:13:32', 1, '', '2015-06-21', '2015-06-21', 'PUBLIC'),
(28, 9, 89, 'Incorporate feedback on software specifications', 'Incorporate feedback on software specifications', 'TASK', '2015-07-10', '2015-07-10', '28800', 1, '2015-06-21 23:13:45', 1, '', '2015-06-21', '0000-00-00', 'PUBLIC'),
(29, 9, 89, 'Develop delivery timeline', 'Develop delivery timeline', 'TASK', '2015-07-13', '2015-07-13', '28800', 1, '2015-06-21 23:13:55', 1, '', '2015-06-22', '0000-00-00', 'PUBLIC'),
(30, 9, 89, 'Obtain approvals to proceed (concept, timeline, budget)', 'Obtain approvals to proceed (concept, timeline, budget)', 'TASK', '2015-07-14', '2015-07-14', '14400', 0, '2015-06-21 23:14:06', 1, '', '0000-00-00', '0000-00-00', 'PUBLIC'),
(31, 9, 89, 'Secure required resources', 'Secure required resources', 'TASK', '2015-07-14', '2015-07-15', '28800', 0, '2015-06-21 23:14:15', 1, '', '0000-00-00', '0000-00-00', 'PUBLIC'),
(32, 9, 89, 'Analysis complete', 'Analysis complete', 'TASK', '2015-07-15', '2015-07-15', '0', 0, '2015-06-21 23:14:26', 1, '', '0000-00-00', '0000-00-00', 'PUBLIC'),
(33, 10, 89, 'Review preliminary software specifications', 'Review preliminary software specifications', 'TASK', '2015-07-15', '2015-07-17', '57600', 0, '2015-06-21 23:09:42', 1, '', '0000-00-00', '0000-00-00', 'PUBLIC'),
(34, 10, 89, 'Develop functional specifications', 'Develop functional specifications', 'TASK', '2015-07-17', '2015-07-24', '144000', 0, '2015-06-21 23:09:53', 1, '', '0000-00-00', '0000-00-00', 'PUBLIC'),
(35, 10, 89, 'Develop prototype based on functional specifications', 'Develop prototype based on functional specifications', 'TASK', '2015-07-24', '2015-07-30', '115200', 0, '2015-06-21 23:10:05', 1, '', '0000-00-00', '0000-00-00', 'PUBLIC'),
(36, 10, 89, 'Review functional specifications', 'Review functional specifications', 'TASK', '2015-07-30', '2015-08-03', '57600', 0, '2015-06-21 23:10:17', 1, '', '0000-00-00', '0000-00-00', 'PUBLIC'),
(37, 10, 89, 'Incorporate feedback into functional specifications', 'Incorporate feedback into functional specifications', 'TASK', '2015-08-03', '2015-08-04', '28800', 0, '2015-06-21 23:10:49', 1, '', '0000-00-00', '0000-00-00', 'PUBLIC'),
(38, 10, 89, 'Obtain approval to proceed', 'Obtain approval to proceed', 'TASK', '2015-08-04', '2015-08-04', '14400', 0, '2015-06-21 23:11:02', 1, '', '0000-00-00', '0000-00-00', 'PUBLIC'),
(39, 10, 89, 'Design complete', 'Design complete', 'TASK', '2015-08-04', '2015-08-04', '0', 0, '2015-06-21 23:11:14', 1, '', '0000-00-00', '0000-00-00', 'PUBLIC'),
(40, 11, 89, 'Review functional specifications', 'Review functional specifications', 'TASK', '2015-08-05', '2015-08-05', '28800', 0, '2015-06-21 23:06:56', 1, '', '0000-00-00', '0000-00-00', 'PUBLIC'),
(41, 11, 89, 'Identify modular/tiered design parameters', 'Identify modular/tiered design parameters', 'TASK', '2015-08-06', '2015-08-06', '28800', 0, '2015-06-21 23:07:08', 1, '', '0000-00-00', '0000-00-00', 'PUBLIC'),
(42, 11, 89, 'Assign development staff', 'Assign development staff', 'TASK', '2015-08-07', '2015-08-07', '28800', 0, '2015-06-21 23:07:18', 1, '', '0000-00-00', '0000-00-00', 'PUBLIC'),
(43, 11, 89, 'Develop code', 'Develop code', 'TASK', '2015-08-10', '2015-08-28', '432000', 0, '2015-06-21 23:08:03', 1, '', '0000-00-00', '0000-00-00', 'PUBLIC'),
(44, 11, 89, 'Developer testing (primary debugging)', 'Developer testing (primary debugging)', 'TASK', '2015-08-13', '2015-09-03', '432000', 0, '2015-06-21 23:08:44', 1, '', '0000-00-00', '0000-00-00', 'PUBLIC'),
(45, 11, 89, 'Development complete', 'Development complete', 'TASK', '2015-09-03', '2015-09-03', '0', 0, '2015-06-21 23:09:01', 1, '', '0000-00-00', '0000-00-00', 'PUBLIC'),
(46, 12, 89, 'Develop unit test plans using product specifications', 'Develop unit test plans using product specifications', 'TASK', '2015-08-05', '2015-08-10', '115200', 0, '2015-06-21 23:02:52', 1, '', '0000-00-00', '0000-00-00', 'PUBLIC'),
(47, 12, 89, 'Develop integration test plans using product specifications', 'Develop integration test plans using product specifications', 'TASK', '2015-08-05', '2015-08-10', '115200', 0, '2015-06-21 23:03:03', 1, '', '0000-00-00', '0000-00-00', 'PUBLIC'),
(48, 12, 89, 'Unit Testing', 'Unit Testing', 'TASK', '2015-09-03', '2015-09-24', '432000', 0, '2015-06-21 23:03:19', 1, '', '0000-00-00', '0000-00-00', 'PUBLIC'),
(49, 48, 89, 'Review modular code', 'Review modular code', 'TASK', '2015-09-03', '2015-09-10', '144000', 0, '2015-06-21 23:03:49', 1, '', '0000-00-00', '0000-00-00', 'PUBLIC'),
(50, 48, 89, 'Test component modules to product specifications', 'Test component modules to product specifications', 'TASK', '2015-09-10', '2015-09-14', '86400', 0, '2015-06-21 23:04:01', 1, '', '0000-00-00', '0000-00-00', 'PUBLIC'),
(51, 48, 89, 'Identify anomalies to product specifications', 'Identify anomalies to product specifications', 'TASK', '2015-09-14', '2015-09-17', '86400', 0, '2015-06-21 23:04:12', 1, '', '0000-00-00', '0000-00-00', 'PUBLIC'),
(52, 48, 89, 'Modify code', 'Modify code', 'TASK', '2015-09-17', '2015-09-22', '86400', 0, '2015-06-21 23:04:21', 1, '', '0000-00-00', '0000-00-00', 'PUBLIC'),
(53, 48, 89, 'Re-test modified code', 'Re-test modified code', 'TASK', '2015-09-22', '2015-09-24', '57600', 0, '2015-06-21 23:04:32', 1, '', '0000-00-00', '0000-00-00', 'PUBLIC'),
(54, 48, 89, 'Unit testing complete', 'Unit testing complete', 'TASK', '2015-09-24', '2015-09-24', '0', 0, '2015-06-21 23:04:44', 1, '', '0000-00-00', '0000-00-00', 'PUBLIC'),
(55, 12, 89, 'Integration Testing', 'Integration Testing', 'TASK', '2015-09-24', '2015-10-12', '345600', 0, '2015-06-21 23:05:04', 1, '', '0000-00-00', '0000-00-00', 'PUBLIC'),
(56, 55, 89, '', 'Test module integration', 'TASK', '2015-09-24', '2015-10-01', '144000', 0, '2015-06-21 23:05:26', 1, '', '0000-00-00', '0000-00-00', 'PUBLIC'),
(57, 55, 89, 'Identify anomalies to specifications', 'Identify anomalies to specifications', 'TASK', '2015-10-01', '2015-10-05', '57600', 0, '2015-06-21 23:05:36', 1, '', '0000-00-00', '0000-00-00', 'PUBLIC'),
(58, 55, 89, 'Modify code', 'Modify code', 'TASK', '2015-10-05', '2015-10-08', '86400', 0, '2015-06-21 23:05:48', 1, '', '0000-00-00', '0000-00-00', 'PUBLIC'),
(59, 55, 89, 'Re-test modified code', 'Re-test modified code', 'TASK', '2015-10-08', '2015-10-12', '57600', 0, '2015-06-21 23:06:00', 1, '', '0000-00-00', '0000-00-00', 'PUBLIC'),
(60, 55, 89, 'Integration testing complete', 'Integration testing complete', 'TASK', '2015-10-12', '2015-10-12', '0', 0, '2015-06-21 23:06:09', 1, '', '0000-00-00', '0000-00-00', 'PUBLIC'),
(61, 13, 89, 'Develop training specifications for end users', 'Develop training specifications for end users', 'TASK', '2015-08-05', '2015-08-07', '86400', 0, '2015-06-21 23:00:37', 1, '', '0000-00-00', '0000-00-00', 'PUBLIC'),
(62, 13, 89, 'Develop training specifications for helpdesk support staff', 'Develop training specifications for helpdesk support staff', 'TASK', '2015-08-05', '2015-08-07', '86400', 0, '2015-06-21 23:00:50', 1, '', '0000-00-00', '0000-00-00', 'PUBLIC'),
(63, 13, 89, 'Identify training delivery methodology (computer based training, classroom, etc.)', 'Identify training delivery methodology ', 'TASK', '2015-08-05', '2015-08-06', '57600', 0, '2015-06-21 23:01:02', 1, '', '0000-00-00', '0000-00-00', 'PUBLIC'),
(64, 13, 89, 'Develop training materials', 'Develop training materials', 'TASK', '2015-09-03', '2015-09-24', '432000', 0, '2015-06-21 23:01:19', 1, '', '0000-00-00', '0000-00-00', 'PUBLIC'),
(65, 13, 89, 'Conduct training usability study', 'Conduct training usability study', 'TASK', '2015-09-24', '2015-09-30', '115200', 0, '2015-06-21 23:01:29', 1, '', '0000-00-00', '0000-00-00', 'PUBLIC'),
(66, 13, 89, 'Finalize training materials', 'Finalize training materials', 'TASK', '2015-09-30', '2015-10-05', '86400', 0, '2015-06-21 23:01:40', 1, '', '0000-00-00', '0000-00-00', 'PUBLIC'),
(67, 13, 89, 'Develop training delivery mechanism', 'Develop training delivery mechanism', 'TASK', '2015-10-05', '2015-10-07', '57600', 0, '2015-06-21 23:01:51', 1, '', '0000-00-00', '0000-00-00', 'PUBLIC'),
(68, 13, 89, 'Training materials complete', 'Training materials complete', 'TASK', '2015-10-07', '2015-10-07', '0', 0, '2015-06-21 23:02:05', 1, '', '0000-00-00', '0000-00-00', 'PUBLIC'),
(69, 14, 89, 'Develop Help specification', 'Develop Help specification', 'TASK', '2015-08-05', '2015-08-05', '28800', 0, '2015-06-21 22:58:12', 1, '', '0000-00-00', '0000-00-00', 'PUBLIC'),
(70, 14, 89, 'Develop Help system', 'Develop Help system', 'TASK', '2015-08-19', '2015-09-09', '432000', 1, '2015-06-21 22:58:28', 1, '', '2015-06-21', '0000-00-00', 'PUBLIC'),
(71, 14, 89, 'Review Help documentation', 'Review Help documentation', 'TASK', '2015-09-09', '2015-09-14', '86400', 0, '2015-06-21 22:58:39', 1, '', '0000-00-00', '0000-00-00', 'PUBLIC'),
(72, 14, 89, 'Incorporate Help documentation feedback', 'Incorporate Help documentation feedback', 'TASK', '2015-09-14', '2015-09-16', '57600', 1, '2015-06-21 22:58:49', 1, '', '2015-06-21', '0000-00-00', 'PUBLIC'),
(73, 14, 89, 'Develop user manuals specifications', 'Develop user manuals specifications', 'TASK', '2015-08-05', '2015-08-06', '57600', 0, '2015-06-21 22:58:59', 1, '', '0000-00-00', '0000-00-00', 'PUBLIC'),
(74, 14, 89, 'Develop user manuals', 'Develop user manuals', 'TASK', '2015-08-19', '2015-09-09', '432000', 1, '2015-06-21 22:59:11', 1, '', '2015-06-21', '0000-00-00', 'PUBLIC'),
(75, 14, 89, 'Review all user documentation', 'Review all user documentation', 'TASK', '2015-09-09', '2015-09-11', '57600', 0, '2015-06-21 22:59:22', 1, '', '0000-00-00', '0000-00-00', 'PUBLIC'),
(76, 14, 89, 'Incorporate user documentation feedback', 'Incorporate user documentation feedback', 'TASK', '2015-09-11', '2015-09-15', '57600', 0, '2015-06-21 22:59:30', 1, '', '0000-00-00', '0000-00-00', 'PUBLIC'),
(77, 14, 89, 'Documentation complete', 'Documentation complete', 'TASK', '2015-09-16', '2015-09-16', '0', 1, '2015-06-21 22:59:39', 1, '', '2015-06-21', '0000-00-00', 'PUBLIC'),
(78, 15, 89, 'Identify test group', 'Identify test group', 'TASK', '2015-07-15', '2015-07-16', '28800', 0, '2015-06-21 22:56:33', 1, '', '0000-00-00', '0000-00-00', 'PUBLIC'),
(79, 15, 89, 'Develop software delivery mechanism', 'Develop software delivery mechanism', 'TASK', '2015-07-16', '2015-07-17', '28800', 0, '2015-06-21 22:56:46', 1, '', '0000-00-00', '0000-00-00', 'PUBLIC'),
(80, 15, 89, 'Install/deploy software', 'Install/deploy software', 'TASK', '2015-10-12', '2015-10-13', '28800', 0, '2015-06-21 22:56:58', 1, '', '0000-00-00', '0000-00-00', 'PUBLIC'),
(81, 15, 89, 'Obtain user feedback', 'Obtain user feedback', 'TASK', '2015-10-13', '2015-10-20', '144000', 0, '2015-06-21 22:57:11', 1, '', '0000-00-00', '0000-00-00', 'PUBLIC'),
(82, 15, 89, 'Evaluate testing information', 'Evaluate testing information', 'TASK', '2015-10-20', '2015-10-21', '28800', 0, '2015-06-21 22:57:22', 1, '', '0000-00-00', '0000-00-00', 'PUBLIC'),
(83, 15, 89, 'Pilot complete', 'Pilot complete', 'TASK', '2015-10-21', '2015-10-21', '0', 0, '2015-06-21 22:57:31', 1, '', '0000-00-00', '0000-00-00', 'PUBLIC'),
(84, 16, 89, 'Determine final deployment strategy', 'Determine final deployment strategy', 'TASK', '2015-10-21', '2015-10-22', '28800', 0, '2015-06-21 22:53:41', 1, '', '0000-00-00', '0000-00-00', 'PUBLIC'),
(85, 16, 89, 'Develop deployment methodology', 'Develop deployment methodology', 'TASK', '2015-10-22', '2015-10-23', '28800', 0, '2015-06-21 22:53:52', 1, '', '0000-00-00', '0000-00-00', 'PUBLIC'),
(86, 16, 89, 'Secure deployment resources', 'Secure deployment resources', 'TASK', '2015-10-23', '2015-10-26', '28800', 1, '2015-06-21 22:55:15', 1, '', '2015-06-21', '2015-06-21', 'PUBLIC'),
(87, 16, 89, 'Train support staff', 'Train support staff', 'TASK', '2015-10-26', '2015-10-27', '28800', 0, '2015-06-21 22:55:28', 1, '', '0000-00-00', '0000-00-00', 'PUBLIC'),
(88, 16, 89, 'Deploy software', 'Deploy software', 'TASK', '2015-10-27', '2015-10-28', '28800', 0, '2015-06-21 22:55:39', 1, '', '0000-00-00', '0000-00-00', 'PUBLIC'),
(89, 16, 89, 'Deployment complete', 'Deployment complete', 'TASK', '2015-10-28', '2015-10-28', '0', 0, '2015-06-21 22:55:50', 1, '', '0000-00-00', '0000-00-00', 'PUBLIC'),
(90, 17, 89, 'Document lessons learned', 'Document lessons learned', 'TASK', '2015-10-28', '2015-10-29', '28800', 0, '2015-06-21 22:52:23', 1, '', '0000-00-00', '0000-00-00', 'PUBLIC'),
(91, 17, 89, 'Distribute to team members', 'Distribute to team members', 'TASK', '2015-10-29', '2015-10-30', '28800', 0, '2015-06-21 22:52:35', 1, '', '0000-00-00', '0000-00-00', 'PUBLIC'),
(92, 17, 89, 'Create software maintenance team', 'Create software maintenance team', 'TASK', '2015-10-30', '2015-11-02', '28800', 1, '2015-06-21 22:52:46', 1, '', '2015-06-21', '0000-00-00', 'PUBLIC'),
(93, 17, 89, 'Post implementation review complete', 'Post implementation review complete', 'TASK', '2015-11-02', '2016-11-02', '0', 1, '2015-06-21 22:52:59', 1, '', '2015-06-21', '0000-00-00', 'PUBLIC'),
(94, 3, 74, '', 'test', 'TASK', '2015-06-13', '2015-06-13', '57600', 0, '2015-06-12 23:50:12', 0, '', '0000-00-00', '0000-00-00', 'PUBLIC'),
(95, 94, 74, '', 'Test task', 'TASK', '2015-06-13', '2015-06-13', '576000', 0, '2015-06-12 23:51:22', 0, '', '0000-00-00', '0000-00-00', 'PUBLIC'),
(96, 1, 67, '', 'task 1', 'TASK', '2015-06-13', '2015-06-15', '28800', 0, '2015-06-13 13:52:49', 1, '', '0000-00-00', '0000-00-00', 'PUBLIC'),
(97, 1, 67, '', 'task 2', 'TASK', '2015-06-13', '2015-06-13', '28800', 0, '2015-06-12 23:14:34', 1, '', '0000-00-00', '0000-00-00', 'PUBLIC'),
(98, 1, 67, 'Empty', 'task 3', 'TASK', '2015-06-13', '2015-06-13', '28800', 0, '2015-06-12 23:14:45', 1, '', '0000-00-00', '0000-00-00', 'PUBLIC'),
(99, 0, 67, 'ljlsjdfs', 'ldjflsjf', 'PROJECT', '0000-00-00', '2015-06-14', '10', 0, '2015-06-13 14:08:51', 0, '', '0000-00-00', '0000-00-00', 'PUBLIC'),
(100, 0, 67, 'asda', 'sdfls', 'PROJECT', '2015-06-14', '2015-06-15', '28800', 0, '2015-06-13 14:18:05', 0, '', '0000-00-00', '0000-00-00', 'PUBLIC'),
(101, 0, 67, '', 'new project', 'PROJECT', '2015-06-14', '2015-06-14', '0', 2, '2015-06-13 15:22:18', 0, '', '2015-06-13', '2015-06-13', 'PUBLIC'),
(102, 0, 67, '', 'new project 2 name is very very long long long long long', 'PROJECT', '2015-06-14', '2015-06-14', '547200', 1, '2015-06-14 04:30:12', 0, '', '2015-06-13', '2015-06-13', 'PUBLIC'),
(103, 102, 67, 'no description', 'new task', 'TASK', '2015-06-14', '2015-06-14', '259200', 2, '2015-06-13 15:04:56', 1, '', '0000-00-00', '0000-00-00', 'PUBLIC'),
(104, 0, 67, '', 'sdfhksdfhsd', 'PROJECT', '2015-06-20', '2015-06-20', '0', 0, '2015-06-20 06:05:45', 0, '', '0000-00-00', '0000-00-00', 'PUBLIC'),
(105, 0, 89, '', 'Test', 'PROJECT', '2015-06-22', '2016-06-22', '14400000', 0, '2015-06-21 21:24:21', 0, '', '0000-00-00', '0000-00-00', 'PUBLIC');

-- --------------------------------------------------------

--
-- Table structure for table `task_result`
--

CREATE TABLE IF NOT EXISTS `task_result` (
`id` bigint(20) NOT NULL,
  `taskid` bigint(20) NOT NULL,
  `staffid` bigint(20) NOT NULL,
  `comment` text NOT NULL,
  `rate` decimal(11,1) NOT NULL,
  `active` int(11) NOT NULL DEFAULT '1',
  `createtime` timestamp NOT NULL DEFAULT CURRENT_TIMESTAMP
) ENGINE=InnoDB AUTO_INCREMENT=27 DEFAULT CHARSET=latin1;

--
-- Dumping data for table `task_result`
--

INSERT INTO `task_result` (`id`, `taskid`, `staffid`, `comment`, `rate`, `active`, `createtime`) VALUES
(1, 7, 55, '', '0.0', 1, '2015-06-10 05:21:35'),
(2, 7, 61, 'Good', '9.0', 1, '2015-06-10 05:21:35'),
(3, 7, 66, '', '0.0', 1, '2015-06-10 05:21:35'),
(4, 7, 67, '', '0.0', 1, '2015-06-10 05:21:35'),
(5, 4, 55, '', '0.0', 1, '2015-06-10 05:22:11'),
(6, 4, 67, '', '0.0', 1, '2015-06-10 05:22:11'),
(7, 4, 69, 'Good', '9.0', 1, '2015-06-10 05:22:11'),
(8, 4, 70, '', '0.0', 1, '2015-06-10 05:22:11'),
(9, 7, 55, '', '0.0', 1, '2015-06-12 23:35:48'),
(10, 7, 61, '', '0.0', 1, '2015-06-12 23:35:48'),
(11, 7, 66, '', '0.0', 1, '2015-06-12 23:35:48'),
(12, 7, 67, '', '0.0', 1, '2015-06-12 23:35:48'),
(13, 7, 55, '', '0.0', 1, '2015-06-12 23:37:02'),
(14, 7, 61, '', '0.0', 1, '2015-06-12 23:37:02'),
(15, 7, 66, '', '0.0', 1, '2015-06-12 23:37:02'),
(16, 7, 67, '', '0.0', 1, '2015-06-12 23:37:02'),
(17, 7, 55, '', '0.0', 1, '2015-06-12 23:38:18'),
(18, 7, 61, 'Some comment', '5.0', 1, '2015-06-12 23:38:18'),
(19, 7, 66, '', '0.0', 1, '2015-06-12 23:38:18'),
(20, 7, 67, '', '0.0', 1, '2015-06-12 23:38:18'),
(21, 1, 55, 'kfhsd ls', '10.0', 1, '2015-06-13 12:12:51'),
(22, 102, 55, 'dfs', '0.0', 1, '2015-06-13 15:05:48'),
(23, 102, 61, '', '0.0', 1, '2015-06-13 15:05:48'),
(24, 101, 55, 'khlsdjflsjdf', '0.0', 1, '2015-06-13 15:22:18'),
(25, 102, 55, '', '0.0', 1, '2015-06-13 15:43:19'),
(26, 102, 61, '', '0.0', 1, '2015-06-13 15:43:19');

-- --------------------------------------------------------

--
-- Table structure for table `team`
--

CREATE TABLE IF NOT EXISTS `team` (
`id` bigint(20) NOT NULL,
  `name` text NOT NULL,
  `leaderid` bigint(20) NOT NULL,
  `belongto` bigint(20) NOT NULL,
  `createtime` timestamp NOT NULL DEFAULT CURRENT_TIMESTAMP,
  `active` tinyint(1) NOT NULL DEFAULT '1',
  `description` text NOT NULL,
  `avatar` text NOT NULL
) ENGINE=InnoDB AUTO_INCREMENT=11 DEFAULT CHARSET=latin1;

--
-- Dumping data for table `team`
--

INSERT INTO `team` (`id`, `name`, `leaderid`, `belongto`, `createtime`, `active`, `description`, `avatar`) VALUES
(0, 'NOT TEAM', 55, 0, '2015-06-09 01:17:22', 1, '', ''),
(4, 'Analyst', 90, 0, '2015-06-20 04:21:10', 1, '', ''),
(5, 'Deployment', 74, 0, '2015-06-20 07:44:39', 1, '', ''),
(6, 'Developer', 89, 0, '2015-06-21 12:58:19', 1, '', ''),
(7, 'Technical', 67, 0, '2015-06-21 12:57:58', 1, '', ''),
(8, 'Tester', 74, 0, '2015-06-20 04:28:05', 1, '', ''),
(9, 'Trainer', 67, 0, '2015-06-20 07:45:13', 1, '', ''),
(10, 'Marketing', 82, 0, '2015-06-20 14:40:26', 1, '', '');

-- --------------------------------------------------------

--
-- Table structure for table `timelog`
--

CREATE TABLE IF NOT EXISTS `timelog` (
`id` bigint(20) NOT NULL,
  `taskid` bigint(20) NOT NULL,
  `staffid` bigint(20) NOT NULL,
  `duration` int(11) NOT NULL,
  `comment` text NOT NULL,
  `active` tinyint(4) NOT NULL DEFAULT '1',
  `createtime` timestamp NOT NULL DEFAULT CURRENT_TIMESTAMP,
  `date` date NOT NULL
) ENGINE=InnoDB AUTO_INCREMENT=19 DEFAULT CHARSET=latin1;

--
-- Dumping data for table `timelog`
--

INSERT INTO `timelog` (`id`, `taskid`, `staffid`, `duration`, `comment`, `active`, `createtime`, `date`) VALUES
(2, 26, 70, 2880, '', 1, '2015-06-22 10:19:26', '2015-06-22'),
(3, 26, 70, 3600, '', 1, '2015-06-22 12:25:43', '2015-06-17'),
(4, 29, 70, 2880, '', 1, '2015-06-22 10:51:08', '2015-06-15'),
(5, 29, 70, 2880, '', 1, '2015-06-22 10:51:16', '2015-06-22'),
(6, 29, 70, 5760, '', 1, '2015-06-22 10:51:21', '2015-06-22'),
(7, 26, 70, 3600, '', 1, '2015-06-22 12:28:10', '2015-06-22'),
(8, 26, 70, 4320, '', 1, '2015-06-22 12:19:40', '2015-06-22'),
(9, 29, 70, 5760, '', 1, '2015-06-19 11:11:44', '2015-06-19'),
(10, 29, 70, 2880, '', 1, '2015-06-19 11:11:48', '2015-06-19'),
(11, 26, 70, 7200, '', 1, '2015-06-22 12:28:46', '2015-06-19'),
(12, 26, 70, 4680, '', 1, '2015-06-22 12:26:23', '2015-06-22'),
(13, 74, 70, 18000, '', 1, '2015-06-17 12:12:29', '2015-06-17'),
(14, 74, 70, 7200, '', 1, '2015-06-18 12:12:45', '2015-06-18'),
(15, 74, 70, 10800, '', 1, '2015-06-18 12:12:56', '2015-06-18'),
(16, 74, 70, 10800, '', 1, '2015-06-21 12:13:14', '2015-06-21'),
(17, 74, 70, 3600, '', 1, '2015-06-22 12:13:42', '2015-06-22'),
(18, 26, 70, 3600, '', 1, '2015-06-22 12:16:45', '2015-06-23');

-- --------------------------------------------------------

--
-- Table structure for table `worklog`
--

CREATE TABLE IF NOT EXISTS `worklog` (
`id` bigint(20) NOT NULL,
  `taskid` bigint(20) NOT NULL,
  `createtime` timestamp NOT NULL DEFAULT CURRENT_TIMESTAMP,
  `staffid` bigint(20) NOT NULL,
  `comment` text NOT NULL,
  `active` tinyint(1) NOT NULL DEFAULT '1'
) ENGINE=InnoDB AUTO_INCREMENT=252 DEFAULT CHARSET=latin1;

--
-- Dumping data for table `worklog`
--

INSERT INTO `worklog` (`id`, `taskid`, `createtime`, `staffid`, `comment`, `active`) VALUES
(14, 0, '2015-06-21 14:56:38', 89, 'assigned  1 engineer(s) to task!', 1),
(15, 0, '2015-06-21 21:18:34', 0, 'unassigned some persons!', 1),
(16, 0, '2015-06-21 21:18:36', 0, 'unassigned some persons!', 1),
(17, 0, '2015-06-21 21:18:37', 0, 'unassigned some persons!', 1),
(18, 0, '2015-06-21 21:18:38', 0, 'unassigned some persons!', 1),
(19, 0, '2015-06-21 21:20:48', 89, 'assigned  1 engineer(s) to task!', 1),
(20, 0, '2015-06-21 21:20:52', 0, 'unassigned some persons!', 1),
(21, 0, '2015-06-21 21:22:21', 89, 'assigned  1 engineer(s) to task!', 1),
(22, 0, '2015-06-21 21:22:25', 0, 'unassigned some persons!', 1),
(23, 0, '2015-06-21 21:23:11', 89, 'assigned  1 engineer(s) to task!', 1),
(24, 0, '2015-06-21 21:23:14', 89, 'unassigned some persons!', 1),
(25, 0, '2015-06-21 21:23:29', 89, 'assigned  1 engineer(s) to task!', 1),
(26, 0, '2015-06-21 21:23:33', 89, 'unassigned some persons!', 1),
(27, 105, '2015-06-21 21:24:21', 89, 'Create new project!', 1),
(28, 0, '2015-06-21 21:27:10', 89, 'assigned  1 engineer(s) to task!', 1),
(29, 0, '2015-06-21 21:27:13', 89, 'unassigned some persons!', 1),
(30, 0, '2015-06-21 21:28:33', 89, 'assigned  8 engineer(s) to task!', 1),
(31, 0, '2015-06-21 21:28:38', 89, 'unassigned some persons!', 1),
(32, 0, '2015-06-21 21:29:08', 89, 'unassigned some persons!', 1),
(33, 7, '2015-06-21 21:31:09', 89, 'unassigned some persons!', 1),
(34, 7, '2015-06-21 21:31:42', 89, 'unassigned some persons!', 1),
(35, 7, '2015-06-21 21:31:44', 89, 'unassigned some persons!', 1),
(36, 7, '2015-06-21 21:31:44', 89, 'unassigned some persons!', 1),
(37, 7, '2015-06-21 21:31:45', 89, 'unassigned some persons!', 1),
(38, 7, '2015-06-21 21:31:45', 89, 'unassigned some persons!', 1),
(39, 29, '2015-06-21 22:44:00', 89, 'started this task!', 1),
(40, 7, '2015-06-21 22:48:32', 89, 'Eddited task!', 1),
(41, 8, '2015-06-21 22:48:59', 89, 'Eddited task!', 1),
(42, 19, '2015-06-21 22:49:23', 89, 'Eddited task!', 1),
(43, 19, '2015-06-21 22:49:37', 89, 'Eddited task!', 1),
(44, 20, '2015-06-21 22:50:05', 89, 'Eddited task!', 1),
(45, 21, '2015-06-21 22:50:16', 89, 'Eddited task!', 1),
(46, 22, '2015-06-21 22:50:29', 89, 'Eddited task!', 1),
(47, 23, '2015-06-21 22:50:43', 89, 'Eddited task!', 1),
(48, 18, '2015-06-21 22:51:27', 89, 'Eddited task!', 1),
(49, 17, '2015-06-21 22:51:56', 89, 'Eddited task!', 1),
(50, 90, '2015-06-21 22:52:23', 89, 'Eddited task!', 1),
(51, 91, '2015-06-21 22:52:35', 89, 'Eddited task!', 1),
(52, 92, '2015-06-21 22:52:46', 89, 'Eddited task!', 1),
(53, 93, '2015-06-21 22:52:59', 89, 'Eddited task!', 1),
(54, 16, '2015-06-21 22:53:16', 89, 'Eddited task!', 1),
(55, 16, '2015-06-21 22:53:21', 89, 'Eddited task!', 1),
(56, 84, '2015-06-21 22:53:41', 89, 'Eddited task!', 1),
(57, 85, '2015-06-21 22:53:52', 89, 'Eddited task!', 1),
(58, 86, '2015-06-21 22:55:15', 89, 'Eddited task!', 1),
(59, 87, '2015-06-21 22:55:28', 89, 'Eddited task!', 1),
(60, 88, '2015-06-21 22:55:39', 89, 'Eddited task!', 1),
(61, 89, '2015-06-21 22:55:50', 89, 'Eddited task!', 1),
(62, 15, '2015-06-21 22:56:13', 89, 'Eddited task!', 1),
(63, 78, '2015-06-21 22:56:33', 89, 'Eddited task!', 1),
(64, 79, '2015-06-21 22:56:46', 89, 'Eddited task!', 1),
(65, 80, '2015-06-21 22:56:58', 89, 'Eddited task!', 1),
(66, 81, '2015-06-21 22:57:11', 89, 'Eddited task!', 1),
(67, 82, '2015-06-21 22:57:22', 89, 'Eddited task!', 1),
(68, 83, '2015-06-21 22:57:31', 89, 'Eddited task!', 1),
(69, 14, '2015-06-21 22:57:48', 89, 'Eddited task!', 1),
(70, 69, '2015-06-21 22:58:12', 89, 'Eddited task!', 1),
(71, 70, '2015-06-21 22:58:28', 89, 'Eddited task!', 1),
(72, 71, '2015-06-21 22:58:39', 89, 'Eddited task!', 1),
(73, 72, '2015-06-21 22:58:49', 89, 'Eddited task!', 1),
(74, 73, '2015-06-21 22:58:59', 89, 'Eddited task!', 1),
(75, 74, '2015-06-21 22:59:11', 89, 'Eddited task!', 1),
(76, 75, '2015-06-21 22:59:22', 89, 'Eddited task!', 1),
(77, 76, '2015-06-21 22:59:30', 89, 'Eddited task!', 1),
(78, 77, '2015-06-21 22:59:39', 89, 'Eddited task!', 1),
(79, 13, '2015-06-21 23:00:04', 89, 'Eddited task!', 1),
(80, 61, '2015-06-21 23:00:37', 89, 'Eddited task!', 1),
(81, 62, '2015-06-21 23:00:50', 89, 'Eddited task!', 1),
(82, 63, '2015-06-21 23:01:02', 89, 'Eddited task!', 1),
(83, 64, '2015-06-21 23:01:19', 89, 'Eddited task!', 1),
(84, 65, '2015-06-21 23:01:29', 89, 'Eddited task!', 1),
(85, 66, '2015-06-21 23:01:40', 89, 'Eddited task!', 1),
(86, 67, '2015-06-21 23:01:51', 89, 'Eddited task!', 1),
(87, 68, '2015-06-21 23:02:05', 89, 'Eddited task!', 1),
(88, 12, '2015-06-21 23:02:21', 89, 'Eddited task!', 1),
(89, 12, '2015-06-21 23:02:30', 89, 'Eddited task!', 1),
(90, 46, '2015-06-21 23:02:52', 89, 'Eddited task!', 1),
(91, 47, '2015-06-21 23:03:03', 89, 'Eddited task!', 1),
(92, 48, '2015-06-21 23:03:19', 89, 'Eddited task!', 1),
(93, 49, '2015-06-21 23:03:49', 89, 'Eddited task!', 1),
(94, 50, '2015-06-21 23:04:01', 89, 'Eddited task!', 1),
(95, 51, '2015-06-21 23:04:12', 89, 'Eddited task!', 1),
(96, 52, '2015-06-21 23:04:21', 89, 'Eddited task!', 1),
(97, 53, '2015-06-21 23:04:32', 89, 'Eddited task!', 1),
(98, 54, '2015-06-21 23:04:44', 89, 'Eddited task!', 1),
(99, 55, '2015-06-21 23:05:04', 89, 'Eddited task!', 1),
(100, 56, '2015-06-21 23:05:26', 89, 'Eddited task!', 1),
(101, 57, '2015-06-21 23:05:36', 89, 'Eddited task!', 1),
(102, 58, '2015-06-21 23:05:48', 89, 'Eddited task!', 1),
(103, 59, '2015-06-21 23:06:00', 89, 'Eddited task!', 1),
(104, 60, '2015-06-21 23:06:09', 89, 'Eddited task!', 1),
(105, 11, '2015-06-21 23:06:33', 89, 'Eddited task!', 1),
(106, 40, '2015-06-21 23:06:56', 89, 'Eddited task!', 1),
(107, 41, '2015-06-21 23:07:08', 89, 'Eddited task!', 1),
(108, 42, '2015-06-21 23:07:18', 89, 'Eddited task!', 1),
(109, 43, '2015-06-21 23:08:03', 89, 'Eddited task!', 1),
(110, 44, '2015-06-21 23:08:44', 89, 'Eddited task!', 1),
(111, 45, '2015-06-21 23:09:01', 89, 'Eddited task!', 1),
(112, 10, '2015-06-21 23:09:22', 89, 'Eddited task!', 1),
(113, 33, '2015-06-21 23:09:42', 89, 'Eddited task!', 1),
(114, 34, '2015-06-21 23:09:53', 89, 'Eddited task!', 1),
(115, 35, '2015-06-21 23:10:05', 89, 'Eddited task!', 1),
(116, 36, '2015-06-21 23:10:17', 89, 'Eddited task!', 1),
(117, 37, '2015-06-21 23:10:49', 89, 'Eddited task!', 1),
(118, 38, '2015-06-21 23:11:02', 89, 'Eddited task!', 1),
(119, 39, '2015-06-21 23:11:14', 89, 'Eddited task!', 1),
(120, 9, '2015-06-21 23:11:49', 89, 'Eddited task!', 1),
(121, 24, '2015-06-21 23:12:13', 89, 'Eddited task!', 1),
(122, 25, '2015-06-21 23:12:34', 89, 'Eddited task!', 1),
(123, 26, '2015-06-21 23:12:46', 89, 'Eddited task!', 1),
(124, 27, '2015-06-21 23:13:32', 89, 'Eddited task!', 1),
(125, 28, '2015-06-21 23:13:45', 89, 'Eddited task!', 1),
(126, 29, '2015-06-21 23:13:55', 89, 'Eddited task!', 1),
(127, 30, '2015-06-21 23:14:06', 89, 'Eddited task!', 1),
(128, 31, '2015-06-21 23:14:15', 89, 'Eddited task!', 1),
(129, 32, '2015-06-21 23:14:26', 89, 'Eddited task!', 1),
(130, 105, '2015-06-21 23:15:30', 89, 'Remove task!', 1),
(131, 18, '2015-06-21 23:16:21', 89, 'unassigned some persons!', 1),
(132, 18, '2015-06-21 23:16:32', 89, 'unassigned some persons!', 1),
(133, 18, '2015-06-21 23:16:35', 89, 'unassigned some persons!', 1),
(134, 18, '2015-06-21 23:16:36', 89, 'unassigned some persons!', 1),
(135, 18, '2015-06-21 23:16:49', 89, 'unassigned some persons!', 1),
(136, 93, '2015-06-21 23:17:54', 89, 'unassigned some persons!', 1),
(137, 93, '2015-06-21 23:18:11', 89, 'unassigned some persons!', 1),
(138, 93, '2015-06-21 23:18:54', 89, 'unassigned some persons!', 1),
(139, 0, '2015-06-21 23:18:58', 89, 'unassigned some persons!', 1),
(140, 93, '2015-06-21 23:18:59', 89, 'unassigned some persons!', 1),
(141, 93, '2015-06-21 23:19:00', 89, 'unassigned some persons!', 1),
(142, 93, '2015-06-21 23:19:37', 89, 'unassigned some persons!', 1),
(143, 93, '2015-06-21 23:21:03', 89, 'unassigned some persons!', 1),
(144, 93, '2015-06-21 23:21:22', 89, 'unassigned some persons!', 1),
(145, 0, '2015-06-21 23:21:43', 89, 'unassigned some persons!', 1),
(146, 93, '2015-06-21 23:23:06', 89, 'unassigned some persons!', 1),
(147, 93, '2015-06-21 23:23:34', 89, 'unassigned some persons!', 1),
(148, 92, '2015-06-21 23:23:43', 89, 'unassigned some persons!', 1),
(149, 92, '2015-06-21 23:23:44', 89, 'unassigned some persons!', 1),
(150, 92, '2015-06-21 23:23:44', 89, 'unassigned some persons!', 1),
(151, 92, '2015-06-21 23:23:45', 89, 'unassigned some persons!', 1),
(152, 92, '2015-06-21 23:23:46', 89, 'unassigned some persons!', 1),
(153, 92, '2015-06-21 23:23:46', 89, 'unassigned some persons!', 1),
(154, 92, '2015-06-21 23:23:47', 89, 'unassigned some persons!', 1),
(155, 92, '2015-06-21 23:23:47', 89, 'unassigned some persons!', 1),
(156, 92, '2015-06-21 23:23:47', 89, 'unassigned some persons!', 1),
(157, 92, '2015-06-21 23:23:49', 89, 'unassigned some persons!', 1),
(158, 0, '2015-06-21 23:40:35', 89, 'assigned  1 engineer(s) to task!', 1),
(159, 0, '2015-06-21 23:40:55', 89, 'assigned  2 engineer(s) to task!', 1),
(160, 0, '2015-06-21 23:41:06', 89, 'assigned  2 engineer(s) to task!', 1),
(161, 0, '2015-06-21 23:41:19', 89, 'assigned  2 engineer(s) to task!', 1),
(162, 0, '2015-06-21 23:42:08', 89, 'assigned  5 engineer(s) to task!', 1),
(163, 0, '2015-06-21 23:42:31', 89, 'assigned  6 engineer(s) to task!', 1),
(164, 0, '2015-06-21 23:43:02', 89, 'assigned  4 engineer(s) to task!', 1),
(165, 0, '2015-06-21 23:43:14', 89, 'assigned  2 engineer(s) to task!', 1),
(166, 27, '2015-06-21 23:44:23', 89, 'unassigned some persons!', 1),
(167, 0, '2015-06-21 23:45:08', 89, 'assigned  2 engineer(s) to task!', 1),
(168, 0, '2015-06-21 23:45:15', 89, 'assigned  2 engineer(s) to task!', 1),
(169, 0, '2015-06-21 23:45:23', 89, 'assigned  1 engineer(s) to task!', 1),
(170, 0, '2015-06-21 23:45:34', 89, 'assigned  2 engineer(s) to task!', 1),
(171, 0, '2015-06-21 23:46:44', 89, 'assigned  9 engineer(s) to task!', 1),
(172, 10, '2015-06-21 23:46:55', 89, 'unassigned some persons!', 1),
(173, 10, '2015-06-21 23:46:56', 89, 'unassigned some persons!', 1),
(174, 10, '2015-06-21 23:46:57', 89, 'unassigned some persons!', 1),
(175, 10, '2015-06-21 23:46:57', 89, 'unassigned some persons!', 1),
(176, 10, '2015-06-21 23:46:58', 89, 'unassigned some persons!', 1),
(177, 10, '2015-06-21 23:46:58', 89, 'unassigned some persons!', 1),
(178, 10, '2015-06-21 23:46:59', 89, 'unassigned some persons!', 1),
(179, 10, '2015-06-21 23:46:59', 89, 'unassigned some persons!', 1),
(180, 10, '2015-06-21 23:46:59', 89, 'unassigned some persons!', 1),
(181, 0, '2015-06-21 23:47:25', 89, 'assigned  1 engineer(s) to task!', 1),
(182, 0, '2015-06-21 23:47:40', 89, 'assigned  2 engineer(s) to task!', 1),
(183, 0, '2015-06-21 23:47:50', 89, 'assigned  4 engineer(s) to task!', 1),
(184, 0, '2015-06-21 23:48:03', 89, 'assigned  2 engineer(s) to task!', 1),
(185, 0, '2015-06-21 23:48:27', 89, 'assigned  5 engineer(s) to task!', 1),
(186, 0, '2015-06-21 23:48:38', 89, 'assigned  2 engineer(s) to task!', 1),
(187, 0, '2015-06-21 23:49:31', 89, 'assigned  8 engineer(s) to task!', 1),
(188, 0, '2015-06-21 23:50:03', 89, 'assigned  8 engineer(s) to task!', 1),
(189, 0, '2015-06-21 23:50:12', 89, 'assigned  1 engineer(s) to task!', 1),
(190, 0, '2015-06-21 23:51:23', 89, 'assigned  1 engineer(s) to task!', 1),
(191, 0, '2015-06-21 23:51:30', 89, 'assigned  1 engineer(s) to task!', 1),
(192, 0, '2015-06-21 23:52:10', 89, 'assigned  2 engineer(s) to task!', 1),
(193, 0, '2015-06-21 23:52:19', 89, 'assigned  3 engineer(s) to task!', 1),
(194, 0, '2015-06-21 23:52:28', 89, 'assigned  2 engineer(s) to task!', 1),
(195, 0, '2015-06-21 23:52:43', 89, 'assigned  5 engineer(s) to task!', 1),
(196, 0, '2015-06-21 23:53:10', 89, 'assigned  2 engineer(s) to task!', 1),
(197, 0, '2015-06-21 23:53:21', 89, 'assigned  3 engineer(s) to task!', 1),
(198, 0, '2015-06-21 23:53:44', 89, 'assigned  3 engineer(s) to task!', 1),
(199, 0, '2015-06-21 23:54:02', 89, 'assigned  3 engineer(s) to task!', 1),
(200, 0, '2015-06-21 23:54:12', 89, 'assigned  5 engineer(s) to task!', 1),
(201, 0, '2015-06-21 23:54:30', 89, 'assigned  4 engineer(s) to task!', 1),
(202, 0, '2015-06-21 23:54:47', 89, 'assigned  4 engineer(s) to task!', 1),
(203, 0, '2015-06-21 23:55:28', 89, 'assigned  2 engineer(s) to task!', 1),
(204, 0, '2015-06-21 23:55:38', 89, 'assigned  2 engineer(s) to task!', 1),
(205, 0, '2015-06-21 23:55:55', 89, 'assigned  2 engineer(s) to task!', 1),
(206, 0, '2015-06-21 23:56:10', 89, 'assigned  5 engineer(s) to task!', 1),
(207, 0, '2015-06-21 23:56:21', 89, 'assigned  2 engineer(s) to task!', 1),
(208, 0, '2015-06-21 23:56:29', 89, 'assigned  3 engineer(s) to task!', 1),
(209, 0, '2015-06-21 23:56:40', 89, 'assigned  3 engineer(s) to task!', 1),
(210, 0, '2015-06-21 23:57:19', 89, 'assigned  2 engineer(s) to task!', 1),
(211, 0, '2015-06-21 23:57:27', 89, 'assigned  2 engineer(s) to task!', 1),
(212, 0, '2015-06-21 23:57:49', 89, 'assigned  8 engineer(s) to task!', 1),
(213, 0, '2015-06-21 23:57:59', 89, 'assigned  2 engineer(s) to task!', 1),
(214, 0, '2015-06-21 23:58:17', 89, 'assigned  2 engineer(s) to task!', 1),
(215, 0, '2015-06-21 23:58:27', 89, 'assigned  3 engineer(s) to task!', 1),
(216, 0, '2015-06-21 23:58:49', 89, 'assigned  5 engineer(s) to task!', 1),
(217, 0, '2015-06-21 23:59:00', 89, 'assigned  2 engineer(s) to task!', 1),
(218, 69, '2015-06-21 23:59:04', 89, 'unassigned some persons!', 1),
(219, 0, '2015-06-21 23:59:09', 89, 'assigned  1 engineer(s) to task!', 1),
(220, 0, '2015-06-22 00:00:02', 89, 'assigned  1 engineer(s) to task!', 1),
(221, 0, '2015-06-22 00:00:25', 89, 'assigned  5 engineer(s) to task!', 1),
(222, 0, '2015-06-22 00:02:08', 89, 'assigned  1 engineer(s) to task!', 1),
(223, 0, '2015-06-22 00:02:15', 89, 'assigned  1 engineer(s) to task!', 1),
(224, 0, '2015-06-22 00:02:21', 89, 'assigned  1 engineer(s) to task!', 1),
(225, 0, '2015-06-22 00:02:46', 89, 'assigned  1 engineer(s) to task!', 1),
(226, 0, '2015-06-22 00:02:54', 89, 'assigned  1 engineer(s) to task!', 1),
(227, 0, '2015-06-22 00:02:59', 89, 'assigned  1 engineer(s) to task!', 1),
(228, 0, '2015-06-22 00:03:06', 89, 'assigned  1 engineer(s) to task!', 1),
(229, 0, '2015-06-22 00:03:13', 89, 'assigned  1 engineer(s) to task!', 1),
(230, 0, '2015-06-22 00:03:33', 89, 'assigned  1 engineer(s) to task!', 1),
(231, 0, '2015-06-22 00:03:38', 89, 'assigned  1 engineer(s) to task!', 1),
(232, 0, '2015-06-22 00:03:45', 89, 'assigned  1 engineer(s) to task!', 1),
(233, 0, '2015-06-22 00:03:51', 89, 'assigned  1 engineer(s) to task!', 1),
(234, 93, '2015-06-22 00:03:56', 89, 'unassigned some persons!', 1),
(235, 26, '2015-06-22 09:56:43', 70, 'logged time!', 1),
(236, 26, '2015-06-22 10:19:26', 70, 'logged time!', 1),
(237, 26, '2015-06-22 10:50:56', 70, 'logged time!', 1),
(238, 29, '2015-06-22 10:51:08', 70, 'logged time!', 1),
(239, 29, '2015-06-22 10:51:16', 70, 'logged time!', 1),
(240, 29, '2015-06-22 10:51:21', 70, 'logged time!', 1),
(241, 26, '2015-06-19 11:11:31', 70, 'logged time!', 1),
(242, 26, '2015-06-19 11:11:36', 70, 'logged time!', 1),
(243, 29, '2015-06-19 11:11:44', 70, 'logged time!', 1),
(244, 29, '2015-06-19 11:11:48', 70, 'logged time!', 1),
(245, 26, '2015-06-19 11:47:11', 70, 'logged time!', 1),
(246, 74, '2015-06-17 12:12:29', 70, 'logged time!', 1),
(247, 74, '2015-06-18 12:12:45', 70, 'logged time!', 1),
(248, 74, '2015-06-18 12:12:56', 70, 'logged time!', 1),
(249, 74, '2015-06-21 12:13:14', 70, 'logged time!', 1),
(250, 74, '2015-06-22 12:13:42', 70, 'logged time!', 1),
(251, 26, '2015-06-22 12:16:45', 70, 'logged time!', 1);

--
-- Indexes for dumped tables
--

--
-- Indexes for table `assign`
--
ALTER TABLE `assign`
 ADD PRIMARY KEY (`id`), ADD KEY `taskid` (`taskid`);

--
-- Indexes for table `assignment`
--
ALTER TABLE `assignment`
 ADD PRIMARY KEY (`id`);

--
-- Indexes for table `comment`
--
ALTER TABLE `comment`
 ADD PRIMARY KEY (`id`), ADD KEY `staffid` (`staffid`);

--
-- Indexes for table `equipment`
--
ALTER TABLE `equipment`
 ADD PRIMARY KEY (`id`);

--
-- Indexes for table `settings`
--
ALTER TABLE `settings`
 ADD PRIMARY KEY (`id`);

--
-- Indexes for table `staff`
--
ALTER TABLE `staff`
 ADD PRIMARY KEY (`id`);

--
-- Indexes for table `task`
--
ALTER TABLE `task`
 ADD PRIMARY KEY (`id`), ADD KEY `leaderid` (`leaderid`);

--
-- Indexes for table `task_result`
--
ALTER TABLE `task_result`
 ADD PRIMARY KEY (`id`), ADD KEY `staffid` (`staffid`), ADD KEY `taskid` (`taskid`);

--
-- Indexes for table `team`
--
ALTER TABLE `team`
 ADD PRIMARY KEY (`id`), ADD KEY `leaderid` (`leaderid`);

--
-- Indexes for table `timelog`
--
ALTER TABLE `timelog`
 ADD PRIMARY KEY (`id`);

--
-- Indexes for table `worklog`
--
ALTER TABLE `worklog`
 ADD PRIMARY KEY (`id`);

--
-- AUTO_INCREMENT for dumped tables
--

--
-- AUTO_INCREMENT for table `assign`
--
ALTER TABLE `assign`
MODIFY `id` bigint(20) NOT NULL AUTO_INCREMENT,AUTO_INCREMENT=132;
--
-- AUTO_INCREMENT for table `assignment`
--
ALTER TABLE `assignment`
MODIFY `id` bigint(20) NOT NULL AUTO_INCREMENT,AUTO_INCREMENT=2148;
--
-- AUTO_INCREMENT for table `comment`
--
ALTER TABLE `comment`
MODIFY `id` bigint(20) NOT NULL AUTO_INCREMENT,AUTO_INCREMENT=6;
--
-- AUTO_INCREMENT for table `equipment`
--
ALTER TABLE `equipment`
MODIFY `id` bigint(20) NOT NULL AUTO_INCREMENT,AUTO_INCREMENT=159;
--
-- AUTO_INCREMENT for table `settings`
--
ALTER TABLE `settings`
MODIFY `id` int(11) NOT NULL AUTO_INCREMENT,AUTO_INCREMENT=7;
--
-- AUTO_INCREMENT for table `staff`
--
ALTER TABLE `staff`
MODIFY `id` bigint(20) NOT NULL AUTO_INCREMENT,AUTO_INCREMENT=92;
--
-- AUTO_INCREMENT for table `task`
--
ALTER TABLE `task`
MODIFY `id` bigint(20) NOT NULL AUTO_INCREMENT,AUTO_INCREMENT=106;
--
-- AUTO_INCREMENT for table `task_result`
--
ALTER TABLE `task_result`
MODIFY `id` bigint(20) NOT NULL AUTO_INCREMENT,AUTO_INCREMENT=27;
--
-- AUTO_INCREMENT for table `team`
--
ALTER TABLE `team`
MODIFY `id` bigint(20) NOT NULL AUTO_INCREMENT,AUTO_INCREMENT=11;
--
-- AUTO_INCREMENT for table `timelog`
--
ALTER TABLE `timelog`
MODIFY `id` bigint(20) NOT NULL AUTO_INCREMENT,AUTO_INCREMENT=19;
--
-- AUTO_INCREMENT for table `worklog`
--
ALTER TABLE `worklog`
MODIFY `id` bigint(20) NOT NULL AUTO_INCREMENT,AUTO_INCREMENT=252;
--
-- Constraints for dumped tables
--

--
-- Constraints for table `assign`
--
ALTER TABLE `assign`
ADD CONSTRAINT `assign_ibfk_1` FOREIGN KEY (`taskid`) REFERENCES `task` (`id`);

--
-- Constraints for table `comment`
--
ALTER TABLE `comment`
ADD CONSTRAINT `comment_ibfk_1` FOREIGN KEY (`staffid`) REFERENCES `staff` (`id`);

--
-- Constraints for table `task`
--
ALTER TABLE `task`
ADD CONSTRAINT `task_ibfk_1` FOREIGN KEY (`leaderid`) REFERENCES `staff` (`id`);

--
-- Constraints for table `task_result`
--
ALTER TABLE `task_result`
ADD CONSTRAINT `task_result_ibfk_1` FOREIGN KEY (`taskid`) REFERENCES `task` (`id`),
ADD CONSTRAINT `task_result_ibfk_2` FOREIGN KEY (`staffid`) REFERENCES `staff` (`id`);

--
-- Constraints for table `team`
--
ALTER TABLE `team`
ADD CONSTRAINT `team_ibfk_1` FOREIGN KEY (`leaderid`) REFERENCES `staff` (`id`);

/*!40101 SET CHARACTER_SET_CLIENT=@OLD_CHARACTER_SET_CLIENT */;
/*!40101 SET CHARACTER_SET_RESULTS=@OLD_CHARACTER_SET_RESULTS */;
/*!40101 SET COLLATION_CONNECTION=@OLD_COLLATION_CONNECTION */;
